id,type,from,to,date,year,change,reversions,reversion_count,reverts_a_previous_change,reverts_all_previous_changes,perfect_reversions,perfect_reversions_summary,perfect_reversion_count,perfectly_reverts_a_previous_change,perfectly_reverts_all_previous_changes
f9bf7c82-b056-44e4-9914-8d4e46e3b0eb,lump,"Carpodacus mexicanus, Carpodacus frontalis",Carpodacus mexicanus,aou_1_01 (1889),1889,"Carpodacus mexicanus + Carpodacus frontalis -> Carpodacus mexicanus [lump, aou_1_01 (1889)]",,0,no,yes,,,0,no,yes
516a580c-b52e-4c61-8f6a-b49d37e640bd,split,Rallus longirostris,"Rallus longirostris, Rallus scottii, Rallus crepitans",aou_1_02 (1890),1890,"Rallus longirostris -> Rallus longirostris + Rallus scottii + Rallus crepitans [split, aou_1_02 (1890)]","Rallus scottii + Rallus crepitans -> Rallus crepitans [lump, aou_2_11 (1902)]; Rallus obsoletus + Rallus longirostris -> Rallus longirostris [lump, aou_4_19 (1944)]; Rallus longirostris -> Rallus obsoletus + Rallus longirostris + Rallus crepitans [split, aou_7_55 (2014)]",3,no,no,,,0,no,yes
53b991c3-0fa8-447c-ba31-b2ea95b9b90b,lump,"Buteo harlani, Buteo borealis",Buteo borealis,aou_1_03 (1891),1891,"Buteo harlani + Buteo borealis -> Buteo borealis [lump, aou_1_03 (1891)]","Buteo borealis + Buteo jamaicensis -> Buteo harlani + Buteo borealis + Buteo jamaicensis [split, aou_4_19 (1944)]",1,no,no,,,0,no,yes
e0033162-526f-4f40-b9a9-fccec08a8275,lump,"Junco carolinensis, Junco hyemalis",Junco hyemalis,aou_1_04 (1892),1892,"Junco carolinensis + Junco hyemalis -> Junco hyemalis [lump, aou_1_04 (1892)]",,0,no,yes,,,0,no,yes
380339bd-c344-4fa1-af55-75a0ca015c2d,split,Porzana jamaicensis,"Porzana jamaicensis, Porzana coturniculus",aou_1_05 (1893),1893,"Porzana jamaicensis -> Porzana jamaicensis + Porzana coturniculus [split, aou_1_05 (1893)]","Creciscus coturniculus + Creciscus jamaicensis -> Creciscus jamaicensis [lump, aou_4 (1931)]",1,no,no,"Creciscus coturniculus + Creciscus jamaicensis -> Creciscus jamaicensis [lump, aou_4 (1931)]",split (1893) -> lump (1931) [starting with change id 380339bd-c344-4fa1-af55-75a0ca015c2d],1,no,no
0f5945dd-0ef7-4acf-a0e4-8ce4307363df,lump,"Engyptila albifrons, Leptotila fulviventris",Leptotila fulviventris,aou_1_07 (1895),1895,"Engyptila albifrons + Leptotila fulviventris -> Leptotila fulviventris [lump, aou_1_07 (1895)]",,0,no,yes,,,0,no,yes
ba39fd5b-ba1d-4703-8b03-01a73c469c07,lump,"Chordeiles acutipennis, Chordeiles texensis",Chordeiles acutipennis,aou_1_07 (1895),1895,"Chordeiles acutipennis + Chordeiles texensis -> Chordeiles acutipennis [lump, aou_1_07 (1895)]",,0,no,yes,,,0,no,yes
0345391f-3218-4eaf-b901-50f98c4c3fe4,lump,"Heleodytes bunneicapillus, Heleodytes affinis",Heleodytes bunneicapillus,aou_2_08 (1897),1897,"Heleodytes bunneicapillus + Heleodytes affinis -> Heleodytes bunneicapillus [lump, aou_2_08 (1897)]",,0,no,yes,,,0,no,yes
2606b68d-550b-44e3-9b33-1261c3521580,lump,"Junco danbyi, Junco aikeni",Junco aikeni,aou_2_08 (1897),1897,"Junco danbyi + Junco aikeni -> Junco aikeni [lump, aou_2_08 (1897)]",,0,no,yes,,,0,no,yes
e082f9dd-80cb-487f-a2c1-bc7da1bd85ce,split,Fulmarus glacialis,"Fulmarus glacialis, Fulmarus rodgersi",aou_2_10 (1901),1901,"Fulmarus glacialis -> Fulmarus glacialis + Fulmarus rodgersi [split, aou_2_10 (1901)]","Fulmarus glacialis + Fulmarus rodgersi -> Fulmarus glacialis [lump, aou_4 (1931)]",1,no,no,"Fulmarus glacialis + Fulmarus rodgersi -> Fulmarus glacialis [lump, aou_4 (1931)]",split (1901) -> lump (1931) [starting with change id e082f9dd-80cb-487f-a2c1-bc7da1bd85ce],1,no,no
299acd7f-bd32-4cff-a8c3-303907577134,lump,"Myiozetetes similis, Myiozetetes texensis",Myiozetetes similis,aou_2_11 (1902),1902,"Myiozetetes similis + Myiozetetes texensis -> Myiozetetes similis [lump, aou_2_11 (1902)]",,0,no,yes,,,0,no,yes
dc06a880-1dd5-4688-8a03-20d7ef62a77c,split,Vireo bellii,"Vireo bellii, Vireo pusillus",aou_2_11 (1902),1902,"Vireo bellii -> Vireo bellii + Vireo pusillus [split, aou_2_11 (1902)]",,0,no,yes,,,0,no,yes
3e8f5c6e-fa77-468f-be1e-bc0d46d72ebc,lump,"Ammodramus sanctorum, Ammodramus rostratus",Ammodramus rostratus,aou_2_11 (1902),1902,"Ammodramus sanctorum + Ammodramus rostratus -> Ammodramus rostratus [lump, aou_2_11 (1902)]",,0,no,yes,,,0,no,yes
9f1a5b98-06c0-41c1-b145-20341a941339,lump,"Quiscalus major, Quiscalus macrourus",Quiscalus major,aou_2_11 (1902),1902,"Quiscalus major + Quiscalus macrourus -> Quiscalus major [lump, aou_2_11 (1902)]",,0,no,yes,,,0,no,yes
b16fd7bb-3fb6-4f8d-a8e5-9ff4294fe0af,lump,"Rallus scottii, Rallus crepitans",Rallus crepitans,aou_2_11 (1902),1902,"Rallus scottii + Rallus crepitans -> Rallus crepitans [lump, aou_2_11 (1902)]","Rallus longirostris -> Rallus longirostris + Rallus scottii + Rallus crepitans [split, aou_1_02 (1890)]; Rallus obsoletus + Rallus longirostris -> Rallus longirostris [lump, aou_4_19 (1944)]; Rallus longirostris -> Rallus obsoletus + Rallus longirostris + Rallus crepitans [split, aou_7_55 (2014)]",3,yes,no,,,0,no,yes
e1571f99-adc4-4c24-9d48-336386c6b796,lump,"Peucaea mexicana, Peucaea arizonae, Peucaea botterii",Peucaea botterii,aou_2_11 (1902),1902,"Peucaea mexicana + Peucaea arizonae + Peucaea botterii -> Peucaea botterii [lump, aou_2_11 (1902)]",,0,no,yes,,,0,no,yes
5797a655-ee5f-45f0-a27e-eab110e0c07e,lump,"Ardea herodias, Ardea wardi",Ardea herodias,aou_2_12 (1903),1903,"Ardea herodias + Ardea wardi -> Ardea herodias [lump, aou_2_12 (1903)]",,0,no,yes,,,0,no,yes
086389b8-444e-4dd1-bf7f-5dec9d2008d0,lump,"Melospiza cinerea, Melospiza melodia, Melospiza insignis",Melospiza cinerea,aou_2_12 (1903),1903,"Melospiza cinerea + Melospiza melodia + Melospiza insignis -> Melospiza cinerea [lump, aou_2_12 (1903)]",,0,no,yes,,,0,no,yes
eba5db4a-6eb8-4566-b5b4-af93fb1c51b5,lump,"Compsothlypis nigrilora, Compsothlypis pitiayumi",Compsothlypis pitiayumi,aou_2_13 (1904),1904,"Compsothlypis nigrilora + Compsothlypis pitiayumi -> Compsothlypis pitiayumi [lump, aou_2_13 (1904)]",,0,no,yes,,,0,no,yes
49e83bf2-42b6-4118-8a33-03cb2e03e060,lump,"Phalacrocorax mexicanus, Phalacrocorax vigua",Phalacrocorax vigua,aou_2_14 (1908),1908,"Phalacrocorax mexicanus + Phalacrocorax vigua -> Phalacrocorax vigua [lump, aou_2_14 (1908)]",,0,no,yes,,,0,no,yes
0d5bbe6d-fa95-4c87-ab23-981af9249093,lump,"Falco columbarius, Falco richardsonii",Falco columbarius,aou_2_14 (1908),1908,"Falco columbarius + Falco richardsonii -> Falco columbarius [lump, aou_2_14 (1908)]",,0,no,yes,,,0,no,yes
e942eeb8-5acf-4f75-b2d1-1a3e5bdf1900,lump,"Arenaria interpres, Arenaria morinella",Arenaria interpres,aou_2_14 (1908),1908,"Arenaria interpres + Arenaria morinella -> Arenaria interpres [lump, aou_2_14 (1908)]",,0,no,yes,,,0,no,yes
d57408d9-e989-4228-88e3-c51d6072ec58,lump,"Arquatella ptilocnemis, Arquatella maritima, Arquatella couesi",Arquatella maritima,aou_2_14 (1908),1908,"Arquatella ptilocnemis + Arquatella maritima + Arquatella couesi -> Arquatella maritima [lump, aou_2_14 (1908)]","Arquatella maritima -> Arquatella ptilocnemis + Arquatella maritima [split, aou_4 (1931)]",1,no,no,,,0,no,yes
ec5c06c9-27a4-4c6b-b9e4-6c41a3eb6127,lump,"Empidonax insulicola, Empidonax difficilis, Empidonax cineritius",Empidonax difficilis,aou_2_14 (1908),1908,"Empidonax insulicola + Empidonax difficilis + Empidonax cineritius -> Empidonax difficilis [lump, aou_2_14 (1908)]",,0,no,yes,,,0,no,yes
c988181b-b9c4-4979-881e-48ec206971db,lump,"Pitangus derbianus, Pitangus sulphuratus",Pitangus sulphuratus,aou_2_14 (1908),1908,"Pitangus derbianus + Pitangus sulphuratus -> Pitangus sulphuratus [lump, aou_2_14 (1908)]",,0,no,yes,,,0,no,yes
d3b87a8b-86a4-440c-825d-350a57d9f273,lump,"Junco annectens, Junco mearnsi, Junco hyemalis",Junco hyemalis,aou_2_14 (1908),1908,"Junco annectens + Junco mearnsi + Junco hyemalis -> Junco hyemalis [lump, aou_2_14 (1908)]","Junco hyemalis -> Junco mearnsi + Junco hyemalis [split, aou_4 (1931)]",1,no,no,,,0,no,yes
118abfe7-7574-44da-bf3f-3b803eb6f605,split,Pipilo fuscus,"Pipilo crissalis, Pipilo fuscus",aou_2_14 (1908),1908,"Pipilo fuscus -> Pipilo crissalis + Pipilo fuscus [split, aou_2_14 (1908)]","Pipilo crissalis + Pipilo fuscus -> Pipilo fuscus [lump, aou_4 (1931)]; Pipilo fuscus -> Pipilo crissalis + Pipilo fuscus [split, aou_6_37 (1989)]",2,no,no,"Pipilo crissalis + Pipilo fuscus -> Pipilo fuscus [lump, aou_4 (1931)]; Pipilo fuscus -> Pipilo crissalis + Pipilo fuscus [split, aou_6_37 (1989)]",split (1908) -> lump (1931) -> split (1989) [starting with change id 118abfe7-7574-44da-bf3f-3b803eb6f605],2,no,no
c13826b8-5e94-4550-833d-a27614113a07,split,Sturnella magna,"Sturnella magna, Sturnella neglecta",aou_2_14 (1908),1908,"Sturnella magna -> Sturnella magna + Sturnella neglecta [split, aou_2_14 (1908)]",,0,no,yes,,,0,no,yes
f77cd0b3-9433-4db4-ad0e-447835e145a1,lump,"Myiarchus magister, Myiarchus mexicanus",Myiarchus magister,aou_2_14 (1908),1908,"Myiarchus magister + Myiarchus mexicanus -> Myiarchus magister [lump, aou_2_14 (1908)]",,0,no,yes,,,0,no,yes
0bfd95c4-57dc-4a4d-9ae2-0a92fc27d46f,split,Sula sula,"Sula leucogastra, Sula sula",aou_2_14 (1908),1908,"Sula sula -> Sula leucogastra + Sula sula [split, aou_2_14 (1908)]",,0,no,yes,,,0,no,yes
aefec54d-6b0c-4963-867d-3d66ccb1f9da,lump,"Macrorhamphus griseus, Macrorhamphus scolopaceus",Macrorhamphus griseus,aou_3 (1910),1910,"Macrorhamphus griseus + Macrorhamphus scolopaceus -> Macrorhamphus griseus [lump, aou_3 (1910)]",,0,no,yes,,,0,no,yes
3100ebce-bc5e-401d-858d-3060af936a1f,lump,"Oceanodroma kaedingi, Oceanodroma leucorhoa",Oceanodroma leucorhoa,aou_3_18 (1923),1923,"Oceanodroma kaedingi + Oceanodroma leucorhoa -> Oceanodroma leucorhoa [lump, aou_3_18 (1923)]","Oceanodroma leucorhoa + Oceanodroma soccoroensis -> Oceanodroma leucorhoa [lump, aou_4_21 (1946)]; Oceanodroma leucorhoa -> Oceanodroma leucorhoa + Oceanodroma socorroensis + Oceanodroma cheimomnestes [split, aou_7_57 (2016)]",2,no,no,,,0,no,yes
b9e2e38f-0d62-4f13-9d31-c51234b7cc90,lump,"Ixobrychus neoxenus, Ixobrychus exilis",Ixobrychus exilis,aou_3_18 (1923),1923,"Ixobrychus neoxenus + Ixobrychus exilis -> Ixobrychus exilis [lump, aou_3_18 (1923)]",,0,no,yes,,,0,no,yes
263d000b-2b79-41ef-94d7-a087ac714e41,lump,"Tyto alba, Tyto pratincola",Tyto alba,aou_3_18 (1923),1923,"Tyto alba + Tyto pratincola -> Tyto alba [lump, aou_3_18 (1923)]",,0,no,yes,,,0,no,yes
ef2ec13e-b461-44d0-bfae-74dc1b578dac,lump,"Atthis heloisa, Atthis morcomi",Atthis heloisa,aou_3_18 (1923),1923,"Atthis heloisa + Atthis morcomi -> Atthis heloisa [lump, aou_3_18 (1923)]",,0,no,yes,,,0,no,yes
a634716f-b24f-4dd5-b22a-a9d8d3d81a0d,lump,"Corvus brachyrhynchos, Corvus caurinus",Corvus brachyrhynchos,aou_3_18 (1923),1923,"Corvus brachyrhynchos + Corvus caurinus -> Corvus brachyrhynchos [lump, aou_3_18 (1923)]","Corvus brachyrhynchos -> Corvus brachyrhynchos + Corvus caurinus [split, aou_4_20 (1945)]",1,no,no,"Corvus brachyrhynchos -> Corvus brachyrhynchos + Corvus caurinus [split, aou_4_20 (1945)]",lump (1923) -> split (1945) [starting with change id a634716f-b24f-4dd5-b22a-a9d8d3d81a0d],1,no,no
54b99fbe-8e72-4ec4-997d-72a258bc79d2,lump,"Gallinula chloropus, Gallinula galeata",Gallinula chloropus,aou_3_18 (1923),1923,"Gallinula chloropus + Gallinula galeata -> Gallinula chloropus [lump, aou_3_18 (1923)]","Gallinula chloropus -> Gallinula chloropus + Gallinula galeata [split, aou_7_52 (2011)]",1,no,no,"Gallinula chloropus -> Gallinula chloropus + Gallinula galeata [split, aou_7_52 (2011)]",lump (1923) -> split (2011) [starting with change id 54b99fbe-8e72-4ec4-997d-72a258bc79d2],1,no,no
01ec16c1-f41e-4af0-8353-c1c1a639fc3f,lump,"Tympanuchus americanus, Tympanuchus cupido",Tympanuchus cupido,aou_4 (1931),1931,"Tympanuchus americanus + Tympanuchus cupido -> Tympanuchus cupido [lump, aou_4 (1931)]",,0,no,yes,,,0,no,yes
b8605537-7aa0-48c4-8f9f-d1739d927efa,lump,"Gavia pacifica, Gavia arctica",Gavia arctica,aou_4 (1931),1931,"Gavia pacifica + Gavia arctica -> Gavia arctica [lump, aou_4 (1931)]","Gavia arctica -> Gavia pacifica + Gavia arctica [split, aou_6_35 (1985)]",1,no,no,"Gavia arctica -> Gavia pacifica + Gavia arctica [split, aou_6_35 (1985)]",lump (1931) -> split (1985) [starting with change id b8605537-7aa0-48c4-8f9f-d1739d927efa],1,no,no
708aa59b-577c-4fdf-a67e-f461385a3575,lump,"Fulmarus glacialis, Fulmarus rodgersi",Fulmarus glacialis,aou_4 (1931),1931,"Fulmarus glacialis + Fulmarus rodgersi -> Fulmarus glacialis [lump, aou_4 (1931)]","Fulmarus glacialis -> Fulmarus glacialis + Fulmarus rodgersi [split, aou_2_10 (1901)]",1,yes,yes,"Fulmarus glacialis -> Fulmarus glacialis + Fulmarus rodgersi [split, aou_2_10 (1901)]",split (1901) -> lump (1931) [starting with change id e082f9dd-80cb-487f-a2c1-bc7da1bd85ce],1,yes,yes
0635df8b-b1f0-4bfd-bf94-d341ec5c085c,lump,"Pterodroma scalaris, Pterodroma inexpectata, Pterodroma fisheri",Pterodroma inexpectata,aou_4 (1931),1931,"Pterodroma scalaris + Pterodroma inexpectata + Pterodroma fisheri -> Pterodroma inexpectata [lump, aou_4 (1931)]",,0,no,yes,,,0,no,yes
ba5ac1c6-fa4e-46b9-847f-fc86a2a44491,lump,"Pelecanus occidentalis, Pelecanus californicus",Pelecanus occidentalis,aou_4 (1931),1931,"Pelecanus occidentalis + Pelecanus californicus -> Pelecanus occidentalis [lump, aou_4 (1931)]",,0,no,yes,,,0,no,yes
3066bee3-785e-4a0d-8abf-a65bcf50d32c,lump,"Creciscus coturniculus, Creciscus jamaicensis",Creciscus jamaicensis,aou_4 (1931),1931,"Creciscus coturniculus + Creciscus jamaicensis -> Creciscus jamaicensis [lump, aou_4 (1931)]","Porzana jamaicensis -> Porzana jamaicensis + Porzana coturniculus [split, aou_1_05 (1893)]",1,yes,yes,"Porzana jamaicensis -> Porzana jamaicensis + Porzana coturniculus [split, aou_1_05 (1893)]",split (1893) -> lump (1931) [starting with change id 380339bd-c344-4fa1-af55-75a0ca015c2d],1,yes,yes
d81add70-307a-4089-ba8d-409fea94bfc0,lump,"Larus canus, Larus brachyrhynchus",Larus canus,aou_4 (1931),1931,"Larus canus + Larus brachyrhynchus -> Larus canus [lump, aou_4 (1931)]",,0,no,yes,,,0,no,yes
490204b5-c957-4e5a-bd75-830ffd759a76,lump,"Larus argentatus, Larus vegae",Larus argentatus,aou_4 (1931),1931,"Larus argentatus + Larus vegae -> Larus argentatus [lump, aou_4 (1931)]",,0,no,yes,,,0,no,yes
d8682964-9123-441d-9e9a-c1050183db9f,lump,"Aphelocoma woodhousei, Aphelocoma texana, Aphelocoma cyanotis, Aphelocoma californica",Aphelocoma californica,aou_4 (1931),1931,"Aphelocoma woodhousei + Aphelocoma texana + Aphelocoma cyanotis + Aphelocoma californica -> Aphelocoma californica [lump, aou_4 (1931)]","Aphelocoma californica -> Aphelocoma californica + Aphelocoma woodhouseii [split, aou_7_57 (2016)]",1,no,no,,,0,no,yes
5ff6542d-6098-453a-9efd-0f38cb47b939,lump,"Psaltriparus plumbeus, Psaltriparus minimus",Psaltriparus minimus,aou_4 (1931),1931,"Psaltriparus plumbeus + Psaltriparus minimus -> Psaltriparus minimus [lump, aou_4 (1931)]",,0,no,yes,,,0,no,yes
87cce4f7-a5f5-43ac-a8b5-ed60589ec0a1,lump,"Motacilla alba, Motacilla ocularis",Motacilla alba,aou_4 (1931),1931,"Motacilla alba + Motacilla ocularis -> Motacilla alba [lump, aou_4 (1931)]",,0,no,yes,,,0,no,yes
038443bc-16c7-4f13-89f4-1cb74c0c0317,lump,"Agelaius gubernator, Agelaius phoeniceus",Agelaius phoeniceus,aou_4 (1931),1931,"Agelaius gubernator + Agelaius phoeniceus -> Agelaius phoeniceus [lump, aou_4 (1931)]",,0,no,yes,,,0,no,yes
26b65180-b26b-436a-8dd4-05599a8baaf1,split,Dendragapus obscurus,"Dendragapus fuliginosus, Dendragapus obscurus",aou_4 (1931),1931,"Dendragapus obscurus -> Dendragapus fuliginosus + Dendragapus obscurus [split, aou_4 (1931)]","Dendragapus fuliginosus + Dendragapus obscurus -> Dendragapus obscurus [lump, aou_4_19 (1944)]; Dendragapus obscurus -> Dendragapus fuliginosus + Dendragapus obscurus [split, aou_7_47 (2006)]",2,no,no,"Dendragapus fuliginosus + Dendragapus obscurus -> Dendragapus obscurus [lump, aou_4_19 (1944)]; Dendragapus obscurus -> Dendragapus fuliginosus + Dendragapus obscurus [split, aou_7_47 (2006)]",split (1931) -> lump (1944) -> split (2006) [starting with change id 26b65180-b26b-436a-8dd4-05599a8baaf1],2,no,no
ca466bcf-898d-429c-8770-1f12b68e4c43,split,Arquatella maritima,"Arquatella ptilocnemis, Arquatella maritima",aou_4 (1931),1931,"Arquatella maritima -> Arquatella ptilocnemis + Arquatella maritima [split, aou_4 (1931)]","Arquatella ptilocnemis + Arquatella maritima + Arquatella couesi -> Arquatella maritima [lump, aou_2_14 (1908)]",1,yes,yes,,,0,no,yes
806d04fb-6d03-41b9-a196-74b74dd40b3a,lump,"Haematopus palliatus, Haematopus frazari",Haematopus palliatus,aou_4 (1931),1931,"Haematopus palliatus + Haematopus frazari -> Haematopus palliatus [lump, aou_4 (1931)]",,0,no,yes,,,0,no,yes
0d823265-f0ac-4a2e-a663-05806e870a62,lump,"Sphyrapicus ruber, Sphyrapicus varius",Sphyrapicus varius,aou_4 (1931),1931,"Sphyrapicus ruber + Sphyrapicus varius -> Sphyrapicus varius [lump, aou_4 (1931)]",,0,no,yes,,,0,no,yes
7e9002fc-8344-4f1d-9261-4acd7aff5fd5,split,Junco hyemalis,"Junco mearnsi, Junco hyemalis",aou_4 (1931),1931,"Junco hyemalis -> Junco mearnsi + Junco hyemalis [split, aou_4 (1931)]","Junco annectens + Junco mearnsi + Junco hyemalis -> Junco hyemalis [lump, aou_2_14 (1908)]",1,yes,yes,,,0,no,yes
42c0ee20-f9a3-4f55-8254-96c44dfb9f7e,lump,"Pipilo crissalis, Pipilo fuscus",Pipilo fuscus,aou_4 (1931),1931,"Pipilo crissalis + Pipilo fuscus -> Pipilo fuscus [lump, aou_4 (1931)]","Pipilo fuscus -> Pipilo crissalis + Pipilo fuscus [split, aou_2_14 (1908)]; Pipilo fuscus -> Pipilo crissalis + Pipilo fuscus [split, aou_6_37 (1989)]",2,yes,no,"Pipilo fuscus -> Pipilo crissalis + Pipilo fuscus [split, aou_2_14 (1908)]; Pipilo fuscus -> Pipilo crissalis + Pipilo fuscus [split, aou_6_37 (1989)]",split (1908) -> lump (1931) -> split (1989) [starting with change id 118abfe7-7574-44da-bf3f-3b803eb6f605],2,yes,no
3ca293e3-c884-4ba3-a4d8-421a40b3621a,lump,"Polioptila californica, Polioptila melanura",Polioptila melanura,aou_4 (1931),1931,"Polioptila californica + Polioptila melanura -> Polioptila melanura [lump, aou_4 (1931)]","Polioptila melanura -> Polioptila californica + Polioptila melanura [split, aou_6_37 (1989)]",1,no,no,"Polioptila melanura -> Polioptila californica + Polioptila melanura [split, aou_6_37 (1989)]",lump (1931) -> split (1989) [starting with change id 3ca293e3-c884-4ba3-a4d8-421a40b3621a],1,no,no
6a17a880-880e-454d-9ddb-a3221235570e,lump,"Stelgidopteryx serripennis, Stelgidopteryx ruficollis",Stelgidopteryx ruficollis,aou_4 (1931),1931,"Stelgidopteryx serripennis + Stelgidopteryx ruficollis -> Stelgidopteryx ruficollis [lump, aou_4 (1931)]",,0,no,yes,,,0,no,yes
447040c5-c430-4fd8-9f6c-e8026445ced4,lump,"Anthus spinoletta, Anthus rubescens",Anthus spinoletta,aou_4 (1931),1931,"Anthus spinoletta + Anthus rubescens -> Anthus spinoletta [lump, aou_4 (1931)]","Anthus spinoletta -> Anthus spinoletta + Anthus rubescens [split, aou_6_37 (1989)]",1,no,no,"Anthus spinoletta -> Anthus spinoletta + Anthus rubescens [split, aou_6_37 (1989)]",lump (1931) -> split (1989) [starting with change id 447040c5-c430-4fd8-9f6c-e8026445ced4],1,no,no
18359026-e293-41ce-b7ee-fe53bfa51622,lump,"Megaquiscalus major, Cassidix mexicanus",Cassidix mexicanus,aou_4 (1931),1931,"Megaquiscalus major + Cassidix mexicanus -> Cassidix mexicanus [lump, aou_4 (1931)]","Cassidix mexicanus -> Cassidix major + Cassidix mexicanus [split, aou_5_32 (1973)]",1,no,no,"Cassidix mexicanus -> Cassidix major + Cassidix mexicanus [split, aou_5_32 (1973)]",lump (1931) -> split (1973) [starting with change id 18359026-e293-41ce-b7ee-fe53bfa51622],1,no,no
53568eec-8f92-4fae-9aaa-a8377e9ff7b8,lump,"Lanius excubitor, Lanius borealis",Lanius excubitor,aou_4_19 (1944),1944,"Lanius excubitor + Lanius borealis -> Lanius excubitor [lump, aou_4_19 (1944)]",,0,no,yes,,,0,no,yes
41d9effc-a717-4358-a7d9-090c39e8ad68,lump,"Aphelocoma californica, Aphelocoma coerulescens",Aphelocoma coerulescens,aou_4_19 (1944),1944,"Aphelocoma californica + Aphelocoma coerulescens -> Aphelocoma coerulescens [lump, aou_4_19 (1944)]","Aphelocoma coerulescens -> Aphelocoma californica + Aphelocoma insularis + Aphelocoma coerulescens [split, aou_6_40 (1995)]",1,no,no,,,0,no,yes
e883d625-77f3-4c0a-ab35-54046a5fbace,lump,"Perisoreus canadensis, Perisoreus obscurus",Perisoreus canadensis,aou_4_19 (1944),1944,"Perisoreus canadensis + Perisoreus obscurus -> Perisoreus canadensis [lump, aou_4_19 (1944)]",,0,no,yes,,,0,no,yes
99ace30e-d4c3-43f0-9659-b3ab3618899f,lump,"Troglodytes troglodytes, Nannus hiemalis",Troglodytes troglodytes,aou_4_19 (1944),1944,"Troglodytes troglodytes + Nannus hiemalis -> Troglodytes troglodytes [lump, aou_4_19 (1944)]","Troglodytes troglodytes -> Troglodytes hiemalis + Troglodytes troglodytes + Troglodytes pacificus [split, aou_7_51 (2010)]",1,no,no,,,0,no,yes
9a0353c6-816d-4c6e-b2ad-e72e5e1c4dcd,lump,"Sterna albifrons, Sterna antillarum",Sterna albifrons,aou_4_19 (1944),1944,"Sterna albifrons + Sterna antillarum -> Sterna albifrons [lump, aou_4_19 (1944)]",,0,no,yes,,,0,no,yes
5e240080-6808-4562-a08b-132766466a74,lump,"Asio otus, Asio wilsonianus",Asio otus,aou_4_19 (1944),1944,"Asio otus + Asio wilsonianus -> Asio otus [lump, aou_4_19 (1944)]",,0,no,yes,,,0,no,yes
738e3923-a3ea-4b05-baab-d75b65e6b848,lump,"Progne cryptoleuca, Progne subis",Progne subis,aou_4_19 (1944),1944,"Progne cryptoleuca + Progne subis -> Progne subis [lump, aou_4_19 (1944)]","Progne subis -> Progne cryptoleuca + Progne subis [split, aou_4_31 (1956)]",1,no,no,"Progne subis -> Progne cryptoleuca + Progne subis [split, aou_4_31 (1956)]",lump (1944) -> split (1956) [starting with change id 738e3923-a3ea-4b05-baab-d75b65e6b848],1,no,no
3c518561-9fe9-4b0f-8aa2-4b542669ee13,lump,"Hirundo rustica, Hirundo erythrogaster",Hirundo rustica,aou_4_19 (1944),1944,"Hirundo rustica + Hirundo erythrogaster -> Hirundo rustica [lump, aou_4_19 (1944)]",,0,no,yes,,,0,no,yes
28082aa6-7a90-4f00-9a14-252b450143e4,lump,"Passerculus beldingi, Passerculus rostratus, Passerculus sandwichensis",Passerculus sandwichensis,aou_4_19 (1944),1944,"Passerculus beldingi + Passerculus rostratus + Passerculus sandwichensis -> Passerculus sandwichensis [lump, aou_4_19 (1944)]",,0,no,yes,,,0,no,yes
ebc7056a-37a0-4f51-a3aa-51782285e48c,lump,"Amphispiza nevadensis, Amphispiza belli",Amphispiza belli,aou_4_19 (1944),1944,"Amphispiza nevadensis + Amphispiza belli -> Amphispiza belli [lump, aou_4_19 (1944)]",,0,no,yes,,,0,no,yes
af52f937-8a99-4892-be45-910d0807d4eb,split,Quiscalus quiscula,"Quiscalus versicolor, Quiscalus quiscula",aou_4_19 (1944),1944,"Quiscalus quiscula -> Quiscalus versicolor + Quiscalus quiscula [split, aou_4_19 (1944)]","Quiscalus versicolor + Quiscalus quiscula -> Quiscalus quiscula [lump, aou_4_23 (1948)]",1,no,no,"Quiscalus versicolor + Quiscalus quiscula -> Quiscalus quiscula [lump, aou_4_23 (1948)]",split (1944) -> lump (1948) [starting with change id af52f937-8a99-4892-be45-910d0807d4eb],1,no,no
0e7ca7c8-271d-42e8-8d29-c151c17b6aab,lump,"Sula piscator, Sula sula",Sula sula,aou_4_19 (1944),1944,"Sula piscator + Sula sula -> Sula sula [lump, aou_4_19 (1944)]",,0,no,yes,,,0,no,yes
1e2a5295-03b3-413a-9dba-e038de5e123d,lump,"Sula brewsteri, Sula leucogaster",Sula leucogaster,aou_4_19 (1944),1944,"Sula brewsteri + Sula leucogaster -> Sula leucogaster [lump, aou_4_19 (1944)]",,0,no,yes,,,0,no,yes
99d08b5a-bbf6-4002-96fe-b9f05b071e6a,lump,"Branta nigricans, Branta bernicla",Branta bernicla,aou_4_19 (1944),1944,"Branta nigricans + Branta bernicla -> Branta bernicla [lump, aou_4_19 (1944)]","Branta bernicla -> Branta nigricans + Branta bernicla [split, aou_4_26 (1951)]; Branta nigricans + Branta bernicla -> Branta bernicla [lump, aou_5_33 (1976)]",2,no,no,"Branta bernicla -> Branta nigricans + Branta bernicla [split, aou_4_26 (1951)]; Branta nigricans + Branta bernicla -> Branta bernicla [lump, aou_5_33 (1976)]",lump (1944) -> split (1951) -> lump (1976) [starting with change id 99d08b5a-bbf6-4002-96fe-b9f05b071e6a],2,no,no
3af73746-1c1e-4c6f-b556-496c0127003a,lump,"Somateria v-nigra, Somateria mollissima ","Somateria mollissima ",aou_4_19 (1944),1944,"Somateria v-nigra + Somateria mollissima  -> Somateria mollissima  [lump, aou_4_19 (1944)]",,0,no,yes,,,0,no,yes
0b2ae85d-a42e-4895-a1ee-35d81296ac37,lump,"Oidemia nigra, Oidemia americana",Oidemia nigra,aou_4_19 (1944),1944,"Oidemia nigra + Oidemia americana -> Oidemia nigra [lump, aou_4_19 (1944)]",,0,no,yes,,,0,no,yes
6bc8a391-b8bd-41f6-abb0-947abe0b83a3,lump,"Melanitta fusca, Melanitta deglandi",Melanitta fusca,aou_4_19 (1944),1944,"Melanitta fusca + Melanitta deglandi -> Melanitta fusca [lump, aou_4_19 (1944)]","Melanitta fusca -> Melanitta fusca + Melanitta deglandi [split, aou_4_24 (1949)]",1,no,no,"Melanitta fusca -> Melanitta fusca + Melanitta deglandi [split, aou_4_24 (1949)]",lump (1944) -> split (1949) [starting with change id 6bc8a391-b8bd-41f6-abb0-947abe0b83a3],1,no,no
6a2f7a68-b2a8-4d39-a241-63952937937d,lump,"Circus cyaneus, Circus hudsonius",Circus cyaneus,aou_4_19 (1944),1944,"Circus cyaneus + Circus hudsonius -> Circus cyaneus [lump, aou_4_19 (1944)]",,0,no,yes,,,0,no,yes
6299fd23-fc36-4900-adc5-f42ac3e19dd7,lump,"Astur atricapillus, Accipiter gentilis",Accipiter gentilis,aou_4_19 (1944),1944,"Astur atricapillus + Accipiter gentilis -> Accipiter gentilis [lump, aou_4_19 (1944)]",,0,no,yes,,,0,no,yes
e78abe55-ff95-4de7-83ff-387a91708a86,lump,"Colinus ridgwayi, Colinus virginianus",Colinus virginianus,aou_4_19 (1944),1944,"Colinus ridgwayi + Colinus virginianus -> Colinus virginianus [lump, aou_4_19 (1944)]",,0,no,yes,,,0,no,yes
312f3354-270b-4ffc-a273-b1900f07cb16,lump,"Phaeopus hudsonicus, Numenius phaeopus",Numenius phaeopus,aou_4_19 (1944),1944,"Phaeopus hudsonicus + Numenius phaeopus -> Numenius phaeopus [lump, aou_4_19 (1944)]",,0,no,yes,,,0,no,yes
a3f9d9b4-9cbe-4ca5-b71c-40f471a67a5c,lump,"Charadrius semipalmatus, Charadrius hiaticula",Charadrius hiaticula,aou_4_19 (1944),1944,"Charadrius semipalmatus + Charadrius hiaticula -> Charadrius hiaticula [lump, aou_4_19 (1944)]","Charadrius hiaticula -> Charadrius semipalmatus + Charadrius hiaticula [split, aou_4_31 (1956)]",1,no,no,"Charadrius hiaticula -> Charadrius semipalmatus + Charadrius hiaticula [split, aou_4_31 (1956)]",lump (1944) -> split (1956) [starting with change id a3f9d9b4-9cbe-4ca5-b71c-40f471a67a5c],1,no,no
ac24110b-f044-4d9f-b743-f8d3a1b37a53,lump,"Charadrius alexandrinus, Charadrius nivosus",Charadrius alexandrinus,aou_4_19 (1944),1944,"Charadrius alexandrinus + Charadrius nivosus -> Charadrius alexandrinus [lump, aou_4_19 (1944)]","Charadrius alexandrinus -> Charadrius alexandrinus + Charadrius nivosus [split, aou_7_52 (2011)]",1,no,no,"Charadrius alexandrinus -> Charadrius alexandrinus + Charadrius nivosus [split, aou_7_52 (2011)]",lump (1944) -> split (2011) [starting with change id ac24110b-f044-4d9f-b743-f8d3a1b37a53],1,no,no
75c601b0-f94c-4cc2-aaed-ba00687c47b5,lump,"Catharacta skua, Catharacta chilensis",Catharacta skua,aou_4_19 (1944),1944,"Catharacta skua + Catharacta chilensis -> Catharacta skua [lump, aou_4_19 (1944)]",,0,no,yes,,,0,no,yes
8e39ddf5-a128-4ada-a793-8cfb2e3eab5d,split,"Buteo borealis, Buteo jamaicensis","Buteo harlani, Buteo borealis, Buteo jamaicensis",aou_4_19 (1944),1944,"Buteo borealis + Buteo jamaicensis -> Buteo harlani + Buteo borealis + Buteo jamaicensis [split, aou_4_19 (1944)]","Buteo harlani + Buteo borealis -> Buteo borealis [lump, aou_1_03 (1891)]; Buteo borealis + Buteo jamaicensis -> Buteo jamaicensis [lump, aou_4_19 (1944)]; Buteo harlani + Buteo jamaicensis -> Buteo jamaicensis [lump, aou_5_32 (1973)]",3,yes,no,,,0,no,yes
c3bc03e0-6aa6-49c6-b6e9-3b8c3a74b6cc,lump,"Buteo borealis, Buteo jamaicensis",Buteo jamaicensis,aou_4_19 (1944),1944,"Buteo borealis + Buteo jamaicensis -> Buteo jamaicensis [lump, aou_4_19 (1944)]","Buteo borealis + Buteo jamaicensis -> Buteo harlani + Buteo borealis + Buteo jamaicensis [split, aou_4_19 (1944)]",1,no,no,,,0,no,yes
d2ccb990-fdab-46ac-9d71-6b59a0a35ca9,lump,"Dendragapus fuliginosus, Dendragapus obscurus",Dendragapus obscurus,aou_4_19 (1944),1944,"Dendragapus fuliginosus + Dendragapus obscurus -> Dendragapus obscurus [lump, aou_4_19 (1944)]","Dendragapus obscurus -> Dendragapus fuliginosus + Dendragapus obscurus [split, aou_4 (1931)]; Dendragapus obscurus -> Dendragapus fuliginosus + Dendragapus obscurus [split, aou_7_47 (2006)]",2,yes,no,"Dendragapus obscurus -> Dendragapus fuliginosus + Dendragapus obscurus [split, aou_4 (1931)]; Dendragapus obscurus -> Dendragapus fuliginosus + Dendragapus obscurus [split, aou_7_47 (2006)]",split (1931) -> lump (1944) -> split (2006) [starting with change id 26b65180-b26b-436a-8dd4-05599a8baaf1],2,yes,no
56c4ffac-4202-411e-84af-067ac9d250a9,lump,"Lagopus mutus, Lagopus rupestris",Lagopus mutus,aou_4_19 (1944),1944,"Lagopus mutus + Lagopus rupestris -> Lagopus mutus [lump, aou_4_19 (1944)]",,0,no,yes,,,0,no,yes
d50452b6-fdc7-41c9-a050-bbb4697da5be,lump,"Rallus obsoletus, Rallus longirostris",Rallus longirostris,aou_4_19 (1944),1944,"Rallus obsoletus + Rallus longirostris -> Rallus longirostris [lump, aou_4_19 (1944)]","Rallus longirostris -> Rallus longirostris + Rallus scottii + Rallus crepitans [split, aou_1_02 (1890)]; Rallus longirostris -> Rallus obsoletus + Rallus longirostris + Rallus crepitans [split, aou_7_55 (2014)]",2,yes,no,,,0,no,yes
3b2dd936-29ce-49a2-bd15-4208d0e906ce,lump,"Cuculus optatus, Cuculus saturatus",Cuculus saturatus,aou_4_19 (1944),1944,"Cuculus optatus + Cuculus saturatus -> Cuculus saturatus [lump, aou_4_19 (1944)]","Cuculus saturatus -> Cuculus optatus + Cuculus lepidus + Cuculus saturatus [split, aou_7_47 (2006)]",1,no,no,,,0,no,yes
b710d5f6-c17a-4400-9332-6649c8308ef6,lump,"Trogon elegans, Trogon ambiguus",Trogon elegans,aou_4_19 (1944),1944,"Trogon elegans + Trogon ambiguus -> Trogon elegans [lump, aou_4_19 (1944)]","Trogon elegans + Trogon ambiguus -> Trogon elegans [lump, aou_4_22 (1947)]",1,no,no,"Trogon elegans + Trogon ambiguus -> Trogon elegans [lump, aou_4_22 (1947)]",lump (1944) -> lump (1947) [starting with change id b710d5f6-c17a-4400-9332-6649c8308ef6],1,no,no
21739055-519c-46e2-987a-eb84afae0c8a,lump,"Aphelocoma insularis, Aphelocoma coerulescens",Aphelocoma coerulescens,aou_4_19 (1944),1944,"Aphelocoma insularis + Aphelocoma coerulescens -> Aphelocoma coerulescens [lump, aou_4_19 (1944)]","Aphelocoma coerulescens -> Aphelocoma californica + Aphelocoma insularis + Aphelocoma coerulescens [split, aou_6_40 (1995)]",1,no,no,,,0,no,yes
e7da7793-deb5-4971-aa27-8033a21d5141,lump,"Capella gallinago, Capella delicata",Capella gallinago,aou_4_20 (1945),1945,"Capella gallinago + Capella delicata -> Capella gallinago [lump, aou_4_20 (1945)]","Gallinago gallinago -> Gallinago gallinago + Gallinago delicata [split, aou_7_43 (2002)]",1,no,no,"Gallinago gallinago -> Gallinago gallinago + Gallinago delicata [split, aou_7_43 (2002)]",lump (1945) -> split (2002) [starting with change id e7da7793-deb5-4971-aa27-8033a21d5141],1,no,no
8f80876e-b3e2-4702-a179-3493cfe96a45,lump,"Dendroica petechia, Dendroica aestiva",Dendroica petechia,aou_4_20 (1945),1945,"Dendroica petechia + Dendroica aestiva -> Dendroica petechia [lump, aou_4_20 (1945)]",,0,no,yes,,,0,no,yes
cacaea6d-26d3-47cb-870d-eae55f69653c,split,Corvus brachyrhynchos,"Corvus brachyrhynchos, Corvus caurinus",aou_4_20 (1945),1945,"Corvus brachyrhynchos -> Corvus brachyrhynchos + Corvus caurinus [split, aou_4_20 (1945)]","Corvus brachyrhynchos + Corvus caurinus -> Corvus brachyrhynchos [lump, aou_3_18 (1923)]",1,yes,yes,"Corvus brachyrhynchos + Corvus caurinus -> Corvus brachyrhynchos [lump, aou_3_18 (1923)]",lump (1923) -> split (1945) [starting with change id a634716f-b24f-4dd5-b22a-a9d8d3d81a0d],1,yes,yes
1e7b3bf3-c80f-450a-8a16-194ef96f2bc6,lump,"Oceanodroma leucorhoa, Oceanodroma soccoroensis",Oceanodroma leucorhoa,aou_4_21 (1946),1946,"Oceanodroma leucorhoa + Oceanodroma soccoroensis -> Oceanodroma leucorhoa [lump, aou_4_21 (1946)]","Oceanodroma leucorhoa -> Oceanodroma leucorhoa + Oceanodroma socorroensis + Oceanodroma cheimomnestes [split, aou_7_57 (2016)]",1,no,no,,,0,no,yes
9e3a1a5c-49b4-4cef-8fc3-bc226d3f881a,lump,"Falco aesalon, Falco columbarius",Falco columbarius,aou_4_21 (1946),1946,"Falco aesalon + Falco columbarius -> Falco columbarius [lump, aou_4_21 (1946)]",,0,no,yes,,,0,no,yes
2d460f37-9e7b-406e-aa2a-b7a80ae04023,lump,"Trogon elegans, Trogon ambiguus",Trogon elegans,aou_4_22 (1947),1947,"Trogon elegans + Trogon ambiguus -> Trogon elegans [lump, aou_4_22 (1947)]","Trogon elegans + Trogon ambiguus -> Trogon elegans [lump, aou_4_19 (1944)]",1,yes,yes,"Trogon elegans + Trogon ambiguus -> Trogon elegans [lump, aou_4_19 (1944)]",lump (1944) -> lump (1947) [starting with change id b710d5f6-c17a-4400-9332-6649c8308ef6],1,yes,yes
0a5b3b2a-22bc-4af9-bd39-746f8417f795,lump,"Aphelocoma ultramarina, Aphelocoma sordida",Aphelocoma ultramarina,aou_4_22 (1947),1947,"Aphelocoma ultramarina + Aphelocoma sordida -> Aphelocoma ultramarina [lump, aou_4_22 (1947)]",,0,no,yes,,,0,no,yes
627b3f19-a3e2-4c28-bc33-e4552dedcc64,lump,"Quiscalus versicolor, Quiscalus quiscula",Quiscalus quiscula,aou_4_23 (1948),1948,"Quiscalus versicolor + Quiscalus quiscula -> Quiscalus quiscula [lump, aou_4_23 (1948)]","Quiscalus quiscula -> Quiscalus versicolor + Quiscalus quiscula [split, aou_4_19 (1944)]",1,yes,yes,"Quiscalus quiscula -> Quiscalus versicolor + Quiscalus quiscula [split, aou_4_19 (1944)]",split (1944) -> lump (1948) [starting with change id af52f937-8a99-4892-be45-910d0807d4eb],1,yes,yes
e94b96f5-feba-4413-b19e-cd8d1d677ebd,split,Melanitta fusca,"Melanitta fusca, Melanitta deglandi",aou_4_24 (1949),1949,"Melanitta fusca -> Melanitta fusca + Melanitta deglandi [split, aou_4_24 (1949)]","Melanitta fusca + Melanitta deglandi -> Melanitta fusca [lump, aou_4_19 (1944)]",1,yes,yes,"Melanitta fusca + Melanitta deglandi -> Melanitta fusca [lump, aou_4_19 (1944)]",lump (1944) -> split (1949) [starting with change id 6bc8a391-b8bd-41f6-abb0-947abe0b83a3],1,yes,yes
6d33d0a8-25c9-4a28-9f71-1d36b628f34b,lump,"Puffinus opisthomelas, Puffinus puffinus",Puffinus puffinus,aou_4_25 (1950),1950,"Puffinus opisthomelas + Puffinus puffinus -> Puffinus puffinus [lump, aou_4_25 (1950)]",,0,no,yes,,,0,no,yes
b422be16-a7e4-4852-be91-2b82f46c670a,split,Branta bernicla,"Branta nigricans, Branta bernicla",aou_4_26 (1951),1951,"Branta bernicla -> Branta nigricans + Branta bernicla [split, aou_4_26 (1951)]","Branta nigricans + Branta bernicla -> Branta bernicla [lump, aou_4_19 (1944)]; Branta nigricans + Branta bernicla -> Branta bernicla [lump, aou_5_33 (1976)]",2,yes,no,"Branta nigricans + Branta bernicla -> Branta bernicla [lump, aou_4_19 (1944)]; Branta nigricans + Branta bernicla -> Branta bernicla [lump, aou_5_33 (1976)]",lump (1944) -> split (1951) -> lump (1976) [starting with change id 99d08b5a-bbf6-4002-96fe-b9f05b071e6a],2,yes,no
86f5ba1e-7b02-4a63-997e-c94ab0fd283b,lump,"Anser brachyrhynchus, Anser fabalis",Anser fabalis,aou_4_27 (1952),1952,"Anser brachyrhynchus + Anser fabalis -> Anser fabalis [lump, aou_4_27 (1952)]",,0,no,yes,,,0,no,yes
1cbbbcae-8f42-43a2-8a0c-9f473b02de51,split,Limnodromus griseus,"Limnodromus griseus, Limnodromus scolopaceus",aou_4_29 (1954),1954,"Limnodromus griseus -> Limnodromus griseus + Limnodromus scolopaceus [split, aou_4_29 (1954)]",,0,no,yes,,,0,no,yes
67dc94a3-ca01-4d93-adef-9cbc12a8dc65,lump,"Pipilo erythrophthalmus, Pipilo maculatus",Pipilo erythrophthalmus,aou_4_29 (1954),1954,"Pipilo erythrophthalmus + Pipilo maculatus -> Pipilo erythrophthalmus [lump, aou_4_29 (1954)]","Pipilo erythrophthalmus -> Pipilo erythrophthalmus + Pipilo maculatus [split, aou_6_40 (1995)]",1,no,no,"Pipilo erythrophthalmus -> Pipilo erythrophthalmus + Pipilo maculatus [split, aou_6_40 (1995)]",lump (1954) -> split (1995) [starting with change id 67dc94a3-ca01-4d93-adef-9cbc12a8dc65],1,no,no
45db64aa-1e42-4ca3-9ce0-1395457b52c1,lump,"Canachites franklinii, Canachites canadensis",Canachites canadensis,aou_4_30 (1955),1955,"Canachites franklinii + Canachites canadensis -> Canachites canadensis [lump, aou_4_30 (1955)]",,0,no,yes,,,0,no,yes
fcc61bf9-c68f-4c6a-91da-6fb3d11ca1b6,split,Progne subis,"Progne cryptoleuca, Progne subis",aou_4_31 (1956),1956,"Progne subis -> Progne cryptoleuca + Progne subis [split, aou_4_31 (1956)]","Progne cryptoleuca + Progne subis -> Progne subis [lump, aou_4_19 (1944)]",1,yes,yes,"Progne cryptoleuca + Progne subis -> Progne subis [lump, aou_4_19 (1944)]",lump (1944) -> split (1956) [starting with change id 738e3923-a3ea-4b05-baab-d75b65e6b848],1,yes,yes
cf5f8a05-c497-4e1f-9286-4e6900c47902,split,Charadrius hiaticula,"Charadrius semipalmatus, Charadrius hiaticula",aou_4_31 (1956),1956,"Charadrius hiaticula -> Charadrius semipalmatus + Charadrius hiaticula [split, aou_4_31 (1956)]","Charadrius semipalmatus + Charadrius hiaticula -> Charadrius hiaticula [lump, aou_4_19 (1944)]",1,yes,yes,"Charadrius semipalmatus + Charadrius hiaticula -> Charadrius hiaticula [lump, aou_4_19 (1944)]",lump (1944) -> split (1956) [starting with change id a3f9d9b4-9cbe-4ca5-b71c-40f471a67a5c],1,yes,yes
1f6309ad-dc3e-4ed6-8dcf-49fe9019b153,lump,"Ardea herodias, Ardea occidentalis",Ardea herodias,aou_5_32 (1973),1973,"Ardea herodias + Ardea occidentalis -> Ardea herodias [lump, aou_5_32 (1973)]",,0,no,yes,,,0,no,yes
0519341c-782d-4a2d-8e7f-f1e0fb0149b7,lump,"Chen caerulescens, Chen hyperborea",Chen caerulescens,aou_5_32 (1973),1973,"Chen caerulescens + Chen hyperborea -> Chen caerulescens [lump, aou_5_32 (1973)]",,0,no,yes,,,0,no,yes
8df9e753-4670-41e4-9065-4bcccaa08a5e,lump,"Buteo harlani, Buteo jamaicensis",Buteo jamaicensis,aou_5_32 (1973),1973,"Buteo harlani + Buteo jamaicensis -> Buteo jamaicensis [lump, aou_5_32 (1973)]","Buteo borealis + Buteo jamaicensis -> Buteo harlani + Buteo borealis + Buteo jamaicensis [split, aou_4_19 (1944)]",1,yes,yes,,,0,no,yes
eef5ee75-2fb2-4a39-a0ed-4f785d474dc7,split,Alectoris graeca,"Alectoris chukar, Alectoris graeca",aou_5_32 (1973),1973,"Alectoris graeca -> Alectoris chukar + Alectoris graeca [split, aou_5_32 (1973)]",,0,no,yes,,,0,no,yes
a03ef98a-97ff-4e65-be1a-6297f7459f0a,lump,"Colaptes auratus, Colaptes chrysoides, Colaptes cafer",Colaptes auratus,aou_5_32 (1973),1973,"Colaptes auratus + Colaptes chrysoides + Colaptes cafer -> Colaptes auratus [lump, aou_5_32 (1973)]",,0,no,yes,,,0,no,yes
1ae20e80-ad04-49ff-abf0-3829ee62b431,split,Empidonax traillii,"Empidonax alnorum, Empidonax traillii",aou_5_32 (1973),1973,"Empidonax traillii -> Empidonax alnorum + Empidonax traillii [split, aou_5_32 (1973)]",,0,no,yes,,,0,no,yes
2b7cccd8-04d5-4758-aabe-f7142d85639d,lump,"Anas crecca, Anas carolinensis",Anas crecca,aou_5_32 (1973),1973,"Anas crecca + Anas carolinensis -> Anas crecca [lump, aou_5_32 (1973)]",,0,no,yes,,,0,no,yes
acfc4716-74e8-4635-9071-a559b8897dd2,lump,"Turdus migratorius, Turdus confinis",Turdus migratorius,aou_5_32 (1973),1973,"Turdus migratorius + Turdus confinis -> Turdus migratorius [lump, aou_5_32 (1973)]",,0,no,yes,,,0,no,yes
44de1ccd-462f-4c28-810c-ae7ff8d2ed32,lump,"Psaltriparus minimus, Psaltriparus melanotis",Psaltriparus minimus,aou_5_32 (1973),1973,"Psaltriparus minimus + Psaltriparus melanotis -> Psaltriparus minimus [lump, aou_5_32 (1973)]",,0,no,yes,,,0,no,yes
74519cd9-ba25-4865-98c1-d3241d4036e1,lump,"Carpodacus amplus, Carpodacus mexicanus, Carpodacus mcgregori",Carpodacus mexicanus,aou_5_32 (1973),1973,"Carpodacus amplus + Carpodacus mexicanus + Carpodacus mcgregori -> Carpodacus mexicanus [lump, aou_5_32 (1973)]",,0,no,yes,,,0,no,yes
39f23e9b-f8dd-413e-9bf8-61033e7ee7e7,lump,"Junco oreganus, Junco insularis, Junco hyemalis, Junco aikeni",Junco hyemalis,aou_5_32 (1973),1973,"Junco oreganus + Junco insularis + Junco hyemalis + Junco aikeni -> Junco hyemalis [lump, aou_5_32 (1973)]","Junco hyemalis -> Junco insularis + Junco hyemalis [split, aou_7_55 (2014)]",1,no,no,,,0,no,yes
a67c82d3-b3e0-49da-a5dd-bf80a9e94d86,lump,"Ammospiza mirabilis, Ammospiza maritima, Ammospiza nigrescens",Ammospiza maritima,aou_5_32 (1973),1973,"Ammospiza mirabilis + Ammospiza maritima + Ammospiza nigrescens -> Ammospiza maritima [lump, aou_5_32 (1973)]",,0,no,yes,,,0,no,yes
86750d6c-7b0e-4fc8-b8ee-7b7d505a56f1,lump,"Parula graysoni, Parula pitiayumi",Parula pitiayumi,aou_5_32 (1973),1973,"Parula graysoni + Parula pitiayumi -> Parula pitiayumi [lump, aou_5_32 (1973)]",,0,no,yes,,,0,no,yes
726e4a93-1716-4140-b8c6-019dd1c3d388,lump,"Dendroica auduboni, Dendroica coronata",Dendroica coronata,aou_5_32 (1973),1973,"Dendroica auduboni + Dendroica coronata -> Dendroica coronata [lump, aou_5_32 (1973)]",,0,no,yes,,,0,no,yes
4cfef48f-8b4e-42f3-8f3e-87b5ea3c69df,lump,"Coereba bahamensis, Coereba flaveola",Coereba flaveola,aou_5_32 (1973),1973,"Coereba bahamensis + Coereba flaveola -> Coereba flaveola [lump, aou_5_32 (1973)]",,0,no,yes,,,0,no,yes
3ff04d3d-7507-4e41-94c2-f0a3369faebc,split,Cassidix mexicanus,"Cassidix major, Cassidix mexicanus",aou_5_32 (1973),1973,"Cassidix mexicanus -> Cassidix major + Cassidix mexicanus [split, aou_5_32 (1973)]","Megaquiscalus major + Cassidix mexicanus -> Cassidix mexicanus [lump, aou_4 (1931)]",1,yes,yes,"Megaquiscalus major + Cassidix mexicanus -> Cassidix mexicanus [lump, aou_4 (1931)]",lump (1931) -> split (1973) [starting with change id 18359026-e293-41ce-b7ee-fe53bfa51622],1,yes,yes
87892648-9a11-4241-a00d-19ffb813a00a,lump,"Icterus bullockii, Icterus galbula",Icterus galbula,aou_5_32 (1973),1973,"Icterus bullockii + Icterus galbula -> Icterus galbula [lump, aou_5_32 (1973)]","Icterus galbula -> Icterus bullockii + Icterus galbula + Icterus abeillei [split, aou_6_40 (1995)]",1,no,no,,,0,no,yes
ffdbab5c-95f3-48a9-a336-0570242efd3b,lump,"Junco bairdi, Junco phaeonotus",Junco phaeonotus,aou_5_32 (1973),1973,"Junco bairdi + Junco phaeonotus -> Junco phaeonotus [lump, aou_5_32 (1973)]",,0,no,yes,,,0,no,yes
5c87746c-78bc-40f1-9abe-33c41b04f493,lump,"Butorides striatus, Butorides virescens",Butorides striatus,aou_5_33 (1976),1976,"Butorides striatus + Butorides virescens -> Butorides striatus [lump, aou_5_33 (1976)]","Butorides striatus -> Butorides striatus + Butorides virescens [split, aou_6_39 (1993)]",1,no,no,"Butorides striatus -> Butorides striatus + Butorides virescens [split, aou_6_39 (1993)]",lump (1976) -> split (1993) [starting with change id 5c87746c-78bc-40f1-9abe-33c41b04f493],1,no,no
8de12cc9-dc23-459c-b8ea-c8c2f88cb837,lump,"Parus atricristatus, Parus bicolor",Parus bicolor,aou_5_33 (1976),1976,"Parus atricristatus + Parus bicolor -> Parus bicolor [lump, aou_5_33 (1976)]","Baeolophus bicolor -> Baeolophus bicolor + Baeolophus atricristatus [split, aou_7_43 (2002)]",1,no,no,,,0,no,yes
9ef32ce8-eb63-43c1-a39f-87cae4320365,lump,"Branta nigricans, Branta bernicla",Branta bernicla,aou_5_33 (1976),1976,"Branta nigricans + Branta bernicla -> Branta bernicla [lump, aou_5_33 (1976)]","Branta nigricans + Branta bernicla -> Branta bernicla [lump, aou_4_19 (1944)]; Branta bernicla -> Branta nigricans + Branta bernicla [split, aou_4_26 (1951)]",2,yes,yes,"Branta nigricans + Branta bernicla -> Branta bernicla [lump, aou_4_19 (1944)]; Branta bernicla -> Branta nigricans + Branta bernicla [split, aou_4_26 (1951)]",lump (1944) -> split (1951) -> lump (1976) [starting with change id 99d08b5a-bbf6-4002-96fe-b9f05b071e6a],2,yes,yes
7c6b1fba-47bc-4115-8308-ce47059048d8,lump,"Corvus corone, Corvus cornix",Corvus corone,aou_5_33 (1976),1976,"Corvus corone + Corvus cornix -> Corvus corone [lump, aou_5_33 (1976)]",,0,no,yes,,,0,no,yes
28b57981-91b2-45e8-8b60-5a6eac4d884d,lump,"Polyborus plancus, Caracara cheriway",Polyborus plancus,aou_5_34 (January 1982),1982,"Polyborus plancus + Caracara cheriway -> Polyborus plancus [lump, aou_5_34 (January 1982)]","Caracara plancus -> Caracara plancus + Caracara lutosa + Caracara cheriway [split, aou_7_42 (2000)]",1,no,no,,,0,no,yes
1b2aedfb-3d96-4fc6-b209-75822e86325e,split,Aechmophorus occidentalis,"Aechmophorus occidentalis, Aechmophorus clarkii",aou_6_35 (1985),1985,"Aechmophorus occidentalis -> Aechmophorus occidentalis + Aechmophorus clarkii [split, aou_6_35 (1985)]",,0,no,yes,,,0,no,yes
8286a8b9-ed9d-43a6-89ba-adf654a49aff,split,Gavia arctica,"Gavia pacifica, Gavia arctica",aou_6_35 (1985),1985,"Gavia arctica -> Gavia pacifica + Gavia arctica [split, aou_6_35 (1985)]","Gavia pacifica + Gavia arctica -> Gavia arctica [lump, aou_4 (1931)]",1,yes,yes,"Gavia pacifica + Gavia arctica -> Gavia arctica [lump, aou_4 (1931)]",lump (1931) -> split (1985) [starting with change id b8605537-7aa0-48c4-8f9f-d1739d927efa],1,yes,yes
58bf51d6-ee50-4b69-b67f-57721beaf7f1,split,Ortalis vetula,"Ortalis vetula, Ortalis leucogastra",aou_6_35 (1985),1985,"Ortalis vetula -> Ortalis vetula + Ortalis leucogastra [split, aou_6_35 (1985)]",,0,no,yes,,,0,no,yes
ad4046a2-71da-4ddb-aba0-75065426b2d3,split,Sphyrapicus varius,"Sphyrapicus nuchalis, Sphyrapicus varius",aou_6_35 (1985),1985,"Sphyrapicus varius -> Sphyrapicus nuchalis + Sphyrapicus varius [split, aou_6_35 (1985)]",,0,no,yes,,,0,no,yes
2b858380-be47-4be3-ba42-c0412cae36d2,split,Myadestes obscurus,"Myadestes lanaiensis, Myadestes oahensis, Myadestes myadestinus, Myadestes obscurus",aou_6_35 (1985),1985,"Myadestes obscurus -> Myadestes lanaiensis + Myadestes oahensis + Myadestes myadestinus + Myadestes obscurus [split, aou_6_35 (1985)]",,0,no,yes,,,0,no,yes
b8a3a3b7-5c5b-408a-8f84-d333eb2865a3,split,Microcerculus marginatus,"Microcerculus marginatus, Microcerculus philomela",aou_6_35 (1985),1985,"Microcerculus marginatus -> Microcerculus marginatus + Microcerculus philomela [split, aou_6_35 (1985)]",,0,no,yes,,,0,no,yes
aaf5cb87-9f1f-480a-90ed-9b87ac098732,split,Vireo olivaceus,"Vireo flavoviridis, Vireo olivaceus",aou_6_36 (1987),1987,"Vireo olivaceus -> Vireo flavoviridis + Vireo olivaceus [split, aou_6_36 (1987)]",,0,no,yes,,,0,no,yes
804461a1-a642-4fe8-aaa4-5a6aa0b87905,split,Oryzoborus maximiliani,"Oryzoborus nuttingi, Oryzoborus maximiliani",aou_6_36 (1987),1987,"Oryzoborus maximiliani -> Oryzoborus nuttingi + Oryzoborus maximiliani [split, aou_6_36 (1987)]",,0,no,yes,,,0,no,yes
e54c086a-9246-4813-a2cf-9a64cf2c1bf8,split,Polioptila melanura,"Polioptila californica, Polioptila melanura",aou_6_37 (1989),1989,"Polioptila melanura -> Polioptila californica + Polioptila melanura [split, aou_6_37 (1989)]","Polioptila californica + Polioptila melanura -> Polioptila melanura [lump, aou_4 (1931)]",1,yes,yes,"Polioptila californica + Polioptila melanura -> Polioptila melanura [lump, aou_4 (1931)]",lump (1931) -> split (1989) [starting with change id 3ca293e3-c884-4ba3-a4d8-421a40b3621a],1,yes,yes
d9193fe2-4a28-4708-8e2f-030cbe6a7c53,split,Anthus spinoletta,"Anthus spinoletta, Anthus rubescens",aou_6_37 (1989),1989,"Anthus spinoletta -> Anthus spinoletta + Anthus rubescens [split, aou_6_37 (1989)]","Anthus spinoletta + Anthus rubescens -> Anthus spinoletta [lump, aou_4 (1931)]",1,yes,yes,"Anthus spinoletta + Anthus rubescens -> Anthus spinoletta [lump, aou_4 (1931)]",lump (1931) -> split (1989) [starting with change id 447040c5-c430-4fd8-9f6c-e8026445ced4],1,yes,yes
736b2239-36d4-41d3-a7a8-1d6837269fdd,split,Ara tricolor,"Ara cubensis, Ara tricolor",aou_6_37 (1989),1989,"Ara tricolor -> Ara cubensis + Ara tricolor [split, aou_6_37 (1989)]",,0,no,yes,,,0,no,yes
9e616186-47d4-44b7-bedf-d1074c1e7de0,split,Empidonax difficilis,"Empidonax difficilis, Empidonax occidentalis",aou_6_37 (1989),1989,"Empidonax difficilis -> Empidonax difficilis + Empidonax occidentalis [split, aou_6_37 (1989)]",,0,no,yes,,,0,no,yes
e7912ba3-44e9-4f79-8e1f-00f02b7dd4ed,split,Pipilo fuscus,"Pipilo crissalis, Pipilo fuscus",aou_6_37 (1989),1989,"Pipilo fuscus -> Pipilo crissalis + Pipilo fuscus [split, aou_6_37 (1989)]","Pipilo fuscus -> Pipilo crissalis + Pipilo fuscus [split, aou_2_14 (1908)]; Pipilo crissalis + Pipilo fuscus -> Pipilo fuscus [lump, aou_4 (1931)]",2,yes,yes,"Pipilo fuscus -> Pipilo crissalis + Pipilo fuscus [split, aou_2_14 (1908)]; Pipilo crissalis + Pipilo fuscus -> Pipilo fuscus [lump, aou_4 (1931)]",split (1908) -> lump (1931) -> split (1989) [starting with change id 118abfe7-7574-44da-bf3f-3b803eb6f605],2,yes,yes
52143ef2-d38b-463a-97b5-5e997182d482,split,Ortalis poliocephala,"Ortalis wagleri, Ortalis poliocephala",aou_6_38 (1991),1991,"Ortalis poliocephala -> Ortalis wagleri + Ortalis poliocephala [split, aou_6_38 (1991)]",,0,no,yes,,,0,no,yes
a5d3b71a-6fb6-4cfe-be26-3061428ed9ac,split,Corvus imparatus,"Corvus sinaloae, Corvus imparatus",aou_6_38 (1991),1991,"Corvus imparatus -> Corvus sinaloae + Corvus imparatus [split, aou_6_38 (1991)]",,0,no,yes,,,0,no,yes
1f453a1c-4f52-4d70-987e-08c1c12c2240,split,Cinclocerthia ruficauda,"Cinclocerthia ruficauda, Cinclocerthia gutturalis",aou_6_38 (1991),1991,"Cinclocerthia ruficauda -> Cinclocerthia ruficauda + Cinclocerthia gutturalis [split, aou_6_38 (1991)]",,0,no,yes,,,0,no,yes
9ea9bd4f-69da-418a-928c-31aaf6b8dcc9,split,Loxops coccineus,"Loxops caeruleirostris, Loxops coccineus",aou_6_38 (1991),1991,"Loxops coccineus -> Loxops caeruleirostris + Loxops coccineus [split, aou_6_38 (1991)]",,0,no,yes,,,0,no,yes
e725821e-b068-420a-9083-5c8b95b8dbfe,split,Pterodroma externa,"Pterodroma cervicalis, Pterodroma externa",aou_6_38 (1991),1991,"Pterodroma externa -> Pterodroma cervicalis + Pterodroma externa [split, aou_6_38 (1991)]",,0,no,yes,,,0,no,yes
ae79cc7a-68d5-4b8f-8bd0-fd95ff78949c,split,Butorides striatus,"Butorides striatus, Butorides virescens",aou_6_39 (1993),1993,"Butorides striatus -> Butorides striatus + Butorides virescens [split, aou_6_39 (1993)]","Butorides striatus + Butorides virescens -> Butorides striatus [lump, aou_5_33 (1976)]",1,yes,yes,"Butorides striatus + Butorides virescens -> Butorides striatus [lump, aou_5_33 (1976)]",lump (1976) -> split (1993) [starting with change id 5c87746c-78bc-40f1-9abe-33c41b04f493],1,yes,yes
40b5ffde-c2ae-49fc-b109-16a857bf0d5e,split,Elanus caeruleus,"Elanus leucurus, Elanus caeruleus",aou_6_39 (1993),1993,"Elanus caeruleus -> Elanus leucurus + Elanus caeruleus [split, aou_6_39 (1993)]",,0,no,yes,,,0,no,yes
f71cfa9d-2fed-4d20-952b-05248403d416,split,Odontophorus erythrops,"Odontophorus erythrops, Odontophorus melanotis",aou_6_39 (1993),1993,"Odontophorus erythrops -> Odontophorus erythrops + Odontophorus melanotis [split, aou_6_39 (1993)]",,0,no,yes,,,0,no,yes
cb3152ad-1a16-4c66-a38f-04882f3eaf56,split,Pluvialis dominica,"Pluvialis dominica, Pluvialis fulva",aou_6_39 (1993),1993,"Pluvialis dominica -> Pluvialis dominica + Pluvialis fulva [split, aou_6_39 (1993)]",,0,no,yes,,,0,no,yes
0da4310c-0366-4206-8a3a-52696b4407c9,split,Thalurania colombica,"Thalurania ridgwayi, Thalurania fannyi, Thalurania colombica",aou_6_39 (1993),1993,"Thalurania colombica -> Thalurania ridgwayi + Thalurania fannyi + Thalurania colombica [split, aou_6_39 (1993)]","Thalurania fannyi + Thalurania colombica -> Thalurania colombica [lump, aou_7_54 (2013)]",1,no,no,,,0,no,yes
88fbe485-71cf-47b2-896e-5342df3aa4d3,split,Leucosticte arctoa,"Leucosticte atrata, Leucosticte australis, Leucosticte arctoa, Leucosticte tephrocotis",aou_6_39 (1993),1993,"Leucosticte arctoa -> Leucosticte atrata + Leucosticte australis + Leucosticte arctoa + Leucosticte tephrocotis [split, aou_6_39 (1993)]",,0,no,yes,,,0,no,yes
74fad770-e863-4004-bdcf-9e8d5bab299d,split,Larus argentatus,"Larus argentatus, Larus cachinnans",aou_6_39 (1993),1993,"Larus argentatus -> Larus argentatus + Larus cachinnans [split, aou_6_39 (1993)]",,0,no,yes,,,0,no,yes
12f82290-0468-429f-b35a-0d843b87e125,split,Piculus leucolaemus,"Piculus leucolaemus, Piculus simplex",aou_6_39 (1993),1993,"Piculus leucolaemus -> Piculus leucolaemus + Piculus simplex [split, aou_6_39 (1993)]",,0,no,yes,,,0,no,yes
cacef992-893f-46c9-922f-2229149af1e8,split,Leptotila rufaxilla,"Leptotila rufaxilla, Leptotila wellsi",aou_6_40 (1995),1995,"Leptotila rufaxilla -> Leptotila rufaxilla + Leptotila wellsi [split, aou_6_40 (1995)]",,0,no,yes,,,0,no,yes
a3c288c3-1333-4eef-b5bb-1c3bc97ec376,split,Nyctibius griseus,"Nyctibius jamaicensis, Nyctibius griseus",aou_6_40 (1995),1995,"Nyctibius griseus -> Nyctibius jamaicensis + Nyctibius griseus [split, aou_6_40 (1995)]",,0,no,yes,,,0,no,yes
a9987ad2-4cab-4e04-88c7-9a3609a164f7,split,Caprimulgus salvini,"Caprimulgus salvini, Caprimulgus badius",aou_6_40 (1995),1995,"Caprimulgus salvini -> Caprimulgus salvini + Caprimulgus badius [split, aou_6_40 (1995)]",,0,no,yes,,,0,no,yes
3d325c89-d04f-4d44-9105-a837fa908eb4,split,Anthracothorax prevostii,"Anthracothorax prevostii, Anthracothorax veraguensis",aou_6_40 (1995),1995,"Anthracothorax prevostii -> Anthracothorax prevostii + Anthracothorax veraguensis [split, aou_6_40 (1995)]",,0,no,yes,,,0,no,yes
f2b795fa-b84f-4040-861e-c3c2c35a46b5,split,Chlorostilbon canivetii,"Chlorostilbon auriceps, Chlorostilbon canivetii, Chlorostilbon forficatus",aou_6_40 (1995),1995,"Chlorostilbon canivetii -> Chlorostilbon auriceps + Chlorostilbon canivetii + Chlorostilbon forficatus [split, aou_6_40 (1995)]",,0,no,yes,,,0,no,yes
f36323a3-f441-4853-bf92-83c310fc2ef7,split,Piculus simplex,"Piculus simplex, Piculus callopterus",aou_6_40 (1995),1995,"Piculus simplex -> Piculus simplex + Piculus callopterus [split, aou_6_40 (1995)]",,0,no,yes,,,0,no,yes
f423492d-a09d-422a-8820-11c9ca19b638,split,Aphelocoma coerulescens,"Aphelocoma californica, Aphelocoma insularis, Aphelocoma coerulescens",aou_6_40 (1995),1995,"Aphelocoma coerulescens -> Aphelocoma californica + Aphelocoma insularis + Aphelocoma coerulescens [split, aou_6_40 (1995)]","Aphelocoma californica + Aphelocoma coerulescens -> Aphelocoma coerulescens [lump, aou_4_19 (1944)]; Aphelocoma insularis + Aphelocoma coerulescens -> Aphelocoma coerulescens [lump, aou_4_19 (1944)]",2,yes,yes,,,0,no,yes
2e606725-236e-4493-9fb4-89ad9c4a835b,split,Hemignathus virens,"Hemignathus kauaiensis, Hemignathus virens, Hemignathus chloris",aou_6_40 (1995),1995,"Hemignathus virens -> Hemignathus kauaiensis + Hemignathus virens + Hemignathus chloris [split, aou_6_40 (1995)]",,0,no,yes,,,0,no,yes
f68ab51b-43c3-48a9-87c1-ab3a8816bab9,split,Ammodramus caudacutus,"Ammodramus caudacutus, Ammodramus nelsoni",aou_6_40 (1995),1995,"Ammodramus caudacutus -> Ammodramus caudacutus + Ammodramus nelsoni [split, aou_6_40 (1995)]",,0,no,yes,,,0,no,yes
161d6424-7ffb-40c0-a9c7-3936d5c4f2a0,split,Pipilo erythrophthalmus,"Pipilo erythrophthalmus, Pipilo maculatus",aou_6_40 (1995),1995,"Pipilo erythrophthalmus -> Pipilo erythrophthalmus + Pipilo maculatus [split, aou_6_40 (1995)]","Pipilo erythrophthalmus + Pipilo maculatus -> Pipilo erythrophthalmus [lump, aou_4_29 (1954)]",1,yes,yes,"Pipilo erythrophthalmus + Pipilo maculatus -> Pipilo erythrophthalmus [lump, aou_4_29 (1954)]",lump (1954) -> split (1995) [starting with change id 67dc94a3-ca01-4d93-adef-9cbc12a8dc65],1,yes,yes
d184745e-9373-4035-b1a3-981816262272,split,Saltator albicollis,"Saltator albicollis, Saltator striatipectus",aou_6_40 (1995),1995,"Saltator albicollis -> Saltator albicollis + Saltator striatipectus [split, aou_6_40 (1995)]",,0,no,yes,,,0,no,yes
9c64f335-b1eb-4ce0-82a7-faffb4f82386,split,Icterus galbula,"Icterus bullockii, Icterus galbula, Icterus abeillei",aou_6_40 (1995),1995,"Icterus galbula -> Icterus bullockii + Icterus galbula + Icterus abeillei [split, aou_6_40 (1995)]","Icterus bullockii + Icterus galbula -> Icterus galbula [lump, aou_5_32 (1973)]",1,yes,yes,,,0,no,yes
4ca445c1-93c5-4d5a-b32b-b4ccab31297b,split,Contopus caribaeus,"Contopus hispaniolensis, Contopus caribaeus, Contopus pallidus",aou_6_40 (1995),1995,"Contopus caribaeus -> Contopus hispaniolensis + Contopus caribaeus + Contopus pallidus [split, aou_6_40 (1995)]",,0,no,yes,,,0,no,yes
fbaeb7dc-fdea-4e0d-bb1d-32cd2e23e2d1,split,Catharus minimus,"Catharus bicknelli, Catharus minimus",aou_6_40 (1995),1995,"Catharus minimus -> Catharus bicknelli + Catharus minimus [split, aou_6_40 (1995)]",,0,no,yes,,,0,no,yes
33ddccd7-3887-4c57-acdc-51dd58155d8c,split,Oxyura jamaicensis,"Oxyura jamaicensis, Oxyura ferruginea",aou_6_41 (1997),1997,"Oxyura jamaicensis -> Oxyura jamaicensis + Oxyura ferruginea [split, aou_6_41 (1997)]",,0,no,yes,,,0,no,yes
39da6a13-0b36-431e-899d-30853eff8908,split,Anas acuta,"Anas eatoni, Anas acuta",aou_6_41 (1997),1997,"Anas acuta -> Anas eatoni + Anas acuta [split, aou_6_41 (1997)]",,0,no,yes,,,0,no,yes
09439780-7b13-48ce-a6da-abd4f1351c07,split,Lurocalis semitorquatus,"Lurocalis semitorquatus, Lurocalis rufiventris",aou_6_41 (1997),1997,"Lurocalis semitorquatus -> Lurocalis semitorquatus + Lurocalis rufiventris [split, aou_6_41 (1997)]",,0,no,yes,,,0,no,yes
e3ea786e-fed9-4698-9406-33dd02de70a1,lump,"Caprimulgus rufus, Caprimulgus otiosus",Caprimulgus rufus,aou_6_41 (1997),1997,"Caprimulgus rufus + Caprimulgus otiosus -> Caprimulgus rufus [lump, aou_6_41 (1997)]",,0,no,yes,,,0,no,yes
09958682-1daa-4c48-9445-58c019949b01,split,Baryphthengus ruficapillus,"Baryphthengus ruficapillus, Baryphthengus martii",aou_6_41 (1997),1997,"Baryphthengus ruficapillus -> Baryphthengus ruficapillus + Baryphthengus martii [split, aou_6_41 (1997)]",,0,no,yes,,,0,no,yes
c9fb6981-73a2-48b0-a022-94d6583e5eed,split,Rhynchocyclus brevirostris,"Rhynchocyclus pacificus, Rhynchocyclus brevirostris",aou_6_41 (1997),1997,"Rhynchocyclus brevirostris -> Rhynchocyclus pacificus + Rhynchocyclus brevirostris [split, aou_6_41 (1997)]",,0,no,yes,,,0,no,yes
1b1c5ff8-e97e-4a38-80cf-765a7698173f,split,Corapipo leucorrhoa,"Corapipo altera, Corapipo leucorrhoa",aou_6_41 (1997),1997,"Corapipo leucorrhoa -> Corapipo altera + Corapipo leucorrhoa [split, aou_6_41 (1997)]",,0,no,yes,,,0,no,yes
f8ce68e4-4f03-4862-b807-16a721c3201b,split,Thamnophilus punctatus,"Thamnophilus atrinucha, Thamnophilus punctatus",aou_6_41 (1997),1997,"Thamnophilus punctatus -> Thamnophilus atrinucha + Thamnophilus punctatus [split, aou_6_41 (1997)]",,0,no,yes,,,0,no,yes
69d50351-9333-43f9-9a47-ebbc698bb1a0,split,Myrmeciza laemosticta,"Myrmeciza laemosticta, Myrmeciza nigricauda",aou_6_41 (1997),1997,"Myrmeciza laemosticta -> Myrmeciza laemosticta + Myrmeciza nigricauda [split, aou_6_41 (1997)]",,0,no,yes,,,0,no,yes
d1ee71b1-b38c-4cc3-a987-d75a252b5344,split,Xiphorhynchus guttatus,"Xiphorhynchus susurrans, Xiphorhynchus guttatus",aou_6_41 (1997),1997,"Xiphorhynchus guttatus -> Xiphorhynchus susurrans + Xiphorhynchus guttatus [split, aou_6_41 (1997)]",,0,no,yes,,,0,no,yes
25b2f5ff-1ec0-46db-9bda-358866ae562f,split,Vireo solitarius,"Vireo cassinii, Vireo solitarius, Vireo plumbeus",aou_6_41 (1997),1997,"Vireo solitarius -> Vireo cassinii + Vireo solitarius + Vireo plumbeus [split, aou_6_41 (1997)]",,0,no,yes,,,0,no,yes
b1b3f16a-e0ae-40f2-960e-8da97d74613c,split,Hylorchilus sumichrasti,"Hylorchilus navai, Hylorchilus sumichrasti",aou_6_41 (1997),1997,"Hylorchilus sumichrasti -> Hylorchilus navai + Hylorchilus sumichrasti [split, aou_6_41 (1997)]",,0,no,yes,,,0,no,yes
fc04515d-a2cc-4d60-9c07-06d7129ec2f0,split,Baeolophus inornatus,"Baeolophus ridgwayi, Baeolophus inornatus",aou_6_41 (1997),1997,"Baeolophus inornatus -> Baeolophus ridgwayi + Baeolophus inornatus [split, aou_6_41 (1997)]",,0,no,yes,,,0,no,yes
8660e037-7790-43b7-b826-841cc015efb8,split,Tachycineta albilinea,"Tachycineta albilinea, Tachycineta stolzmanni",aou_6_41 (1997),1997,"Tachycineta albilinea -> Tachycineta albilinea + Tachycineta stolzmanni [split, aou_6_41 (1997)]",,0,no,yes,,,0,no,yes
f70ad5e5-5a15-4e09-9045-f0fa468ad48a,split,Petrochelidon fulva,"Petrochelidon rufocollaris, Petrochelidon fulva",aou_6_41 (1997),1997,"Petrochelidon fulva -> Petrochelidon rufocollaris + Petrochelidon fulva [split, aou_6_41 (1997)]",,0,no,yes,,,0,no,yes
29b8891c-d657-497b-a9c9-9d6e979cf0a1,split,Euplectes orix,"Euplectes franciscanus, Euplectes orix",aou_6_41 (1997),1997,"Euplectes orix -> Euplectes franciscanus + Euplectes orix [split, aou_6_41 (1997)]",,0,no,yes,,,0,no,yes
b7d16ece-ad21-4447-9341-8938f2c9b893,split,Hemignathus obscurus,"Hemignathus obscurus, Hemignathus ellisianus",aou_6_41 (1997),1997,"Hemignathus obscurus -> Hemignathus obscurus + Hemignathus ellisianus [split, aou_6_41 (1997)]",,0,no,yes,,,0,no,yes
b2e3a511-fbbd-4832-8d0a-a266b5da0a9d,lump,"Atlapetes albinucha, Atlapetes gutturalis",Atlapetes albinucha,aou_6_41 (1997),1997,"Atlapetes albinucha + Atlapetes gutturalis -> Atlapetes albinucha [lump, aou_6_41 (1997)]",,0,no,yes,,,0,no,yes
2241873b-dcac-4d3f-9769-4fe30ab9e17a,split,Calyptophilus frugivorus,"Calyptophilus tertius, Calyptophilus frugivorus",aou_6_41 (1997),1997,"Calyptophilus frugivorus -> Calyptophilus tertius + Calyptophilus frugivorus [split, aou_6_41 (1997)]",,0,no,yes,,,0,no,yes
a0d69af3-6f56-4c66-89dd-7582b6f82063,split,Ramphocelus passerinii,"Ramphocelus costaricensis, Ramphocelus passerinii",aou_6_41 (1997),1997,"Ramphocelus passerinii -> Ramphocelus costaricensis + Ramphocelus passerinii [split, aou_6_41 (1997)]",,0,no,yes,,,0,no,yes
4077ac95-1c21-4ba5-a9b3-9c03f3bd7498,split,Sicalis luteola,"Sicalis luteola, Sicalis luteiventris",aou_6_41 (1997),1997,"Sicalis luteola -> Sicalis luteola + Sicalis luteiventris [split, aou_6_41 (1997)]",,0,no,yes,,,0,no,yes
41750631-a6d1-4c43-97f4-137950ca10bc,lump,"Sporophila americana, Sporophila aurita",Sporophila americana,aou_6_41 (1997),1997,"Sporophila americana + Sporophila aurita -> Sporophila americana [lump, aou_6_41 (1997)]",,0,no,yes,,,0,no,yes
d4ca11cf-e320-4259-876a-97d2bf8c2570,split,Sporophila minuta,"Sporophila minuta, Sporophila hypoxantha",aou_6_41 (1997),1997,"Sporophila minuta -> Sporophila minuta + Sporophila hypoxantha [split, aou_6_41 (1997)]",,0,no,yes,,,0,no,yes
58c3c059-2c18-4c2c-b981-bbad8e8fe86d,split,Agelaius phoeniceus,"Agelaius phoeniceus, Agelaius assimilis",aou_6_41 (1997),1997,"Agelaius phoeniceus -> Agelaius phoeniceus + Agelaius assimilis [split, aou_6_41 (1997)]",,0,no,yes,,,0,no,yes
e590b3a9-41ec-4164-9523-19c37a5e399d,split,Sturnella militaris,"Sturnella superciliaris, Sturnella militaris",aou_6_41 (1997),1997,"Sturnella militaris -> Sturnella superciliaris + Sturnella militaris [split, aou_6_41 (1997)]",,0,no,yes,,,0,no,yes
a5cda487-c27b-4bc4-b5d9-1b73ee58f1d6,split,Larus belcheri,"Larus belcheri, Larus atlanticus",aou_6_41 (1997),1997,"Larus belcheri -> Larus belcheri + Larus atlanticus [split, aou_6_41 (1997)]",,0,no,yes,,,0,no,yes
61e9f457-c5be-493b-a53b-62f6fd86dfa1,split,Geotrygon lawrencii,"Geotrygon carrikeri, Geotrygon lawrencii",aou_6_41 (1997),1997,"Geotrygon lawrencii -> Geotrygon carrikeri + Geotrygon lawrencii [split, aou_6_41 (1997)]",,0,no,yes,,,0,no,yes
ab88614b-782c-4b0e-9fe8-45b3cc71211f,split,Glaucidium minutissimum,"Glaucidium sanchezi, Glaucidium palmarum, Glaucidium griseiceps, Glaucidium minutissimum",aou_6_41 (1997),1997,"Glaucidium minutissimum -> Glaucidium sanchezi + Glaucidium palmarum + Glaucidium griseiceps + Glaucidium minutissimum [split, aou_6_41 (1997)]",,0,no,yes,,,0,no,yes
7ec99972-a488-4dcb-bd9f-bf3acc8f82e1,split,Philydor erythrocercus,"Philydor fuscipennis, Philydor erythrocercus",aou_6_41 (1997),1997,"Philydor erythrocercus -> Philydor fuscipennis + Philydor erythrocercus [split, aou_6_41 (1997)]",,0,no,yes,,,0,no,yes
2eb0c77e-fac6-4637-90bb-b2b7597ba51d,split,Hylopezus fulviventris,"Hylopezus dives, Hylopezus fulviventris",aou_6_41 (1997),1997,"Hylopezus fulviventris -> Hylopezus dives + Hylopezus fulviventris [split, aou_6_41 (1997)]",,0,no,yes,,,0,no,yes
8a3cd4e3-99d7-401c-9ce7-cd838caaba70,lump,"Atlapetes atricapillus, Buarremon torquatus",Buarremon torquatus,aou_6_41 (1997),1997,"Atlapetes atricapillus + Buarremon torquatus -> Buarremon torquatus [lump, aou_6_41 (1997)]",,0,no,yes,,,0,no,yes
133c416d-72b3-41f3-a664-dba28631aa55,split,Brachyramphus marmoratus,"Brachyramphus perdix, Brachyramphus marmoratus",aou_6_41 (1997),1997,"Brachyramphus marmoratus -> Brachyramphus perdix + Brachyramphus marmoratus [split, aou_6_41 (1997)]",,0,no,yes,,,0,no,yes
950654ac-254b-444f-866e-cdb94c97b3e9,split,Dendrocolaptes certhia,"Dendrocolaptes sanctithomae, Dendrocolaptes certhia",aou_6_41 (1997),1997,"Dendrocolaptes certhia -> Dendrocolaptes sanctithomae + Dendrocolaptes certhia [split, aou_6_41 (1997)]",,0,no,yes,,,0,no,yes
05bcf834-0a4a-4815-a2ab-5a710ce630e5,split,"Scytalopus panamensis, Scytalopus vicinior","Scytalopus panamensis, Scytalopus chocoensis",aou_7 (1998),1998,"Scytalopus panamensis + Scytalopus vicinior -> Scytalopus panamensis + Scytalopus chocoensis [split, aou_7 (1998)]",,0,no,yes,,,0,no,yes
2d7571cc-f66d-43cb-8748-c97cb37af7a1,split,Sula dactylatra,"Sula dactylatra, Sula granti",aou_7_42 (2000),2000,"Sula dactylatra -> Sula dactylatra + Sula granti [split, aou_7_42 (2000)]",,0,no,yes,,,0,no,yes
60ba1198-c332-4f24-a882-f8ffbff7a810,split,Centrocercus urophasianus,"Centrocercus urophasianus, Centrocercus minimus",aou_7_42 (2000),2000,"Centrocercus urophasianus -> Centrocercus urophasianus + Centrocercus minimus [split, aou_7_42 (2000)]",,0,no,yes,,,0,no,yes
818e6844-162b-4405-a340-58d7f82e97ba,split,Glaucidium jardinii,"Glaucidium jardinii, Glaucidium costaricanum",aou_7_42 (2000),2000,"Glaucidium jardinii -> Glaucidium jardinii + Glaucidium costaricanum [split, aou_7_42 (2000)]",,0,no,yes,,,0,no,yes
903a69df-11ac-4e19-8edc-4ca63baead24,split,Picoides stricklandi,"Picoides arizonae, Picoides stricklandi",aou_7_42 (2000),2000,"Picoides stricklandi -> Picoides arizonae + Picoides stricklandi [split, aou_7_42 (2000)]",,0,no,yes,,,0,no,yes
cfb8f04e-6d51-4a63-9aa7-6925cb071f72,split,Myrmotherula surinamensis,"Myrmotherula pacifica, Myrmotherula surinamensis",aou_7_42 (2000),2000,"Myrmotherula surinamensis -> Myrmotherula pacifica + Myrmotherula surinamensis [split, aou_7_42 (2000)]",,0,no,yes,,,0,no,yes
a5cc51ff-89a4-47ac-a222-34c5edc69374,split,Pica pica,"Pica hudsonia, Pica pica",aou_7_42 (2000),2000,"Pica pica -> Pica hudsonia + Pica pica [split, aou_7_42 (2000)]",,0,no,yes,,,0,no,yes
2ec9710e-8956-4e0f-8e09-b19c56182f96,split,Lonchura malabarica,"Lonchura cantans, Lonchura malabarica",aou_7_42 (2000),2000,"Lonchura malabarica -> Lonchura cantans + Lonchura malabarica [split, aou_7_42 (2000)]",,0,no,yes,,,0,no,yes
92be471d-9a85-4f67-8dfa-4bbcdcf11450,split,Lonchura malacca,"Lonchura malacca, Lonchura atricapilla",aou_7_42 (2000),2000,"Lonchura malacca -> Lonchura malacca + Lonchura atricapilla [split, aou_7_42 (2000)]",,0,no,yes,,,0,no,yes
e7a75c41-310c-4555-a346-efdbf50f8863,split,Dendroica adelaidae,"Dendroica adelaidae, Dendroica subita, Dendroica delicata",aou_7_42 (2000),2000,"Dendroica adelaidae -> Dendroica adelaidae + Dendroica subita + Dendroica delicata [split, aou_7_42 (2000)]",,0,no,yes,,,0,no,yes
39c8372f-b488-4d81-8e4d-9e74d6ebc0d5,split,Spindalis zena,"Spindalis zena, Spindalis portoricensis, Spindalis dominicensis, Spindalis nigricephala",aou_7_42 (2000),2000,"Spindalis zena -> Spindalis zena + Spindalis portoricensis + Spindalis dominicensis + Spindalis nigricephala [split, aou_7_42 (2000)]",,0,no,yes,,,0,no,yes
22e11a04-0a68-4d81-aadf-8ed47a661245,split,Icterus dominicensis,"Icterus prosthemelas, Icterus dominicensis",aou_7_42 (2000),2000,"Icterus dominicensis -> Icterus prosthemelas + Icterus dominicensis [split, aou_7_42 (2000)]",,0,no,yes,,,0,no,yes
bb91806c-cc00-4eee-bbb8-17c1d78f4c74,split,Caracara plancus,"Caracara plancus, Caracara lutosa, Caracara cheriway",aou_7_42 (2000),2000,"Caracara plancus -> Caracara plancus + Caracara lutosa + Caracara cheriway [split, aou_7_42 (2000)]","Polyborus plancus + Caracara cheriway -> Polyborus plancus [lump, aou_5_34 (January 1982)]",1,yes,yes,,,0,no,yes
c9eaab9c-043e-4c8a-bd4d-48557347bbc8,split,Pterodroma phaeopygia,"Pterodroma sandwichensis, Pterodroma phaeopygia",aou_7_43 (2002),2002,"Pterodroma phaeopygia -> Pterodroma sandwichensis + Pterodroma phaeopygia [split, aou_7_43 (2002)]",,0,no,yes,,,0,no,yes
cbb01ddd-737b-4b3b-9790-d3f43c809b04,split,Gallinago gallinago,"Gallinago gallinago, Gallinago delicata",aou_7_43 (2002),2002,"Gallinago gallinago -> Gallinago gallinago + Gallinago delicata [split, aou_7_43 (2002)]","Capella gallinago + Capella delicata -> Capella gallinago [lump, aou_4_20 (1945)]",1,yes,yes,"Capella gallinago + Capella delicata -> Capella gallinago [lump, aou_4_20 (1945)]",lump (1945) -> split (2002) [starting with change id e7da7793-deb5-4971-aa27-8033a21d5141],1,yes,yes
d1b03c9c-8d75-4591-8b21-aadaeb94ba3e,split,Chaetura spinicauda,"Chaetura fumosa, Chaetura spinicauda",aou_7_43 (2002),2002,"Chaetura spinicauda -> Chaetura fumosa + Chaetura spinicauda [split, aou_7_43 (2002)]",,0,no,yes,,,0,no,yes
68c6c486-14ab-4e1d-9844-3df64df0d54c,split,Phaethornis superciliosus,"Phaethornis superciliosus, Phaethornis longirostris",aou_7_43 (2002),2002,"Phaethornis superciliosus -> Phaethornis superciliosus + Phaethornis longirostris [split, aou_7_43 (2002)]",,0,no,yes,,,0,no,yes
cfc42db5-c48c-4bd8-bd13-eb94c248ad13,split,Phaethornis longuemareus,"Phaethornis longuemareus, Phaethornis striigularis",aou_7_43 (2002),2002,"Phaethornis longuemareus -> Phaethornis longuemareus + Phaethornis striigularis [split, aou_7_43 (2002)]",,0,no,yes,,,0,no,yes
9ece8900-60d4-44eb-aa77-4e9dd65bb825,split,Baeolophus bicolor,"Baeolophus bicolor, Baeolophus atricristatus",aou_7_43 (2002),2002,"Baeolophus bicolor -> Baeolophus bicolor + Baeolophus atricristatus [split, aou_7_43 (2002)]","Parus atricristatus + Parus bicolor -> Parus bicolor [lump, aou_5_33 (1976)]",1,yes,yes,,,0,no,yes
fd0e038c-10fd-40ce-a4d6-22181b5c4930,split,Loxia leucoptera,"Loxia leucoptera, Loxia megaplaga",aou_7_44 (2003),2003,"Loxia leucoptera -> Loxia leucoptera + Loxia megaplaga [split, aou_7_44 (2003)]",,0,no,yes,,,0,no,yes
084bbf30-914f-4afb-91a8-0c6fd6c0c294,split,Picoides tridactylus,"Picoides dorsalis, Picoides tridactylus",aou_7_44 (2003),2003,"Picoides tridactylus -> Picoides dorsalis + Picoides tridactylus [split, aou_7_44 (2003)]",,0,no,yes,,,0,no,yes
ab17cdcb-934c-4fee-b302-5d15c83caf79,lump,"Butorides striatus, Butorides sundevalli",Butorides striatus,aou_7_44 (2003),2003,"Butorides striatus + Butorides sundevalli -> Butorides striatus [lump, aou_7_44 (2003)]",,0,no,yes,,,0,no,yes
ea114e09-c855-4677-a466-8f6219be242f,split,Geotrygon caniceps,"Geotrygon caniceps, Geotrygon leucometopia",aou_7_45 (2004),2004,"Geotrygon caniceps -> Geotrygon caniceps + Geotrygon leucometopia [split, aou_7_45 (2004)]",,0,no,yes,,,0,no,yes
abe65baa-a0ae-475b-9658-b8e536ec8050,split,Myrmotherula brachyura,"Myrmotherula ignota, Myrmotherula brachyura",aou_7_45 (2004),2004,"Myrmotherula brachyura -> Myrmotherula ignota + Myrmotherula brachyura [split, aou_7_45 (2004)]",,0,no,yes,,,0,no,yes
a5030ea3-dbde-446f-898f-0c6e171945ab,split,Motacilla flava,"Motacilla flava, Motacilla tschutschensis",aou_7_45 (2004),2004,"Motacilla flava -> Motacilla flava + Motacilla tschutschensis [split, aou_7_45 (2004)]",,0,no,yes,,,0,no,yes
e8113a1f-a4c6-4747-9e6b-9db5147bd06a,split,Branta canadensis,"Branta canadensis, Branta hutchinsii",aou_7_45 (2004),2004,"Branta canadensis -> Branta canadensis + Branta hutchinsii [split, aou_7_45 (2004)]",,0,no,yes,,,0,no,yes
f7e0f5e5-2176-426b-b170-b8af7034441b,split,Leptotila rufaxilla,"Leptotila rufaxilla, Leptotila plumbeiceps",aou_7_46 (2005),2005,"Leptotila rufaxilla -> Leptotila rufaxilla + Leptotila plumbeiceps [split, aou_7_46 (2005)]",,0,no,yes,,,0,no,yes
07206e99-e703-45a1-b61a-6852e680c42d,split,Hylocharis grayi,"Hylocharis grayi, Hylocharis humboldtii",aou_7_46 (2005),2005,"Hylocharis grayi -> Hylocharis grayi + Hylocharis humboldtii [split, aou_7_46 (2005)]",,0,no,yes,,,0,no,yes
a13e09cd-42b9-4ca2-b835-5c4c49ea68d3,lump,"Motacilla alba, Motacilla lugens",Motacilla alba,aou_7_46 (2005),2005,"Motacilla alba + Motacilla lugens -> Motacilla alba [lump, aou_7_46 (2005)]",,0,no,yes,,,0,no,yes
51bd2a2d-49a2-4d97-99cb-7f3462029896,split,Melanerpes chrysauchen,"Melanerpes chrysauchen, Melanerpes pulcher",aou_7_46 (2005),2005,"Melanerpes chrysauchen -> Melanerpes chrysauchen + Melanerpes pulcher [split, aou_7_46 (2005)]",,0,no,yes,,,0,no,yes
90c300ba-8c1e-4124-ae89-2ef061b619b5,split,Calonectris diomedea,"Calonectris edwardsii, Calonectris diomedea",aou_7_47 (2006),2006,"Calonectris diomedea -> Calonectris edwardsii + Calonectris diomedea [split, aou_7_47 (2006)]",,0,no,yes,,,0,no,yes
9ee4b3ea-f837-41f5-913a-82fafbaf221f,split,Dendragapus obscurus,"Dendragapus fuliginosus, Dendragapus obscurus",aou_7_47 (2006),2006,"Dendragapus obscurus -> Dendragapus fuliginosus + Dendragapus obscurus [split, aou_7_47 (2006)]","Dendragapus obscurus -> Dendragapus fuliginosus + Dendragapus obscurus [split, aou_4 (1931)]; Dendragapus fuliginosus + Dendragapus obscurus -> Dendragapus obscurus [lump, aou_4_19 (1944)]",2,yes,yes,"Dendragapus obscurus -> Dendragapus fuliginosus + Dendragapus obscurus [split, aou_4 (1931)]; Dendragapus fuliginosus + Dendragapus obscurus -> Dendragapus obscurus [lump, aou_4_19 (1944)]",split (1931) -> lump (1944) -> split (2006) [starting with change id 26b65180-b26b-436a-8dd4-05599a8baaf1],2,yes,yes
f6b9efa2-8a1e-4bed-a3f8-83ed460dfe94,split,Cuculus saturatus,"Cuculus optatus, Cuculus lepidus, Cuculus saturatus",aou_7_47 (2006),2006,"Cuculus saturatus -> Cuculus optatus + Cuculus lepidus + Cuculus saturatus [split, aou_7_47 (2006)]","Cuculus optatus + Cuculus saturatus -> Cuculus saturatus [lump, aou_4_19 (1944)]",1,yes,yes,,,0,no,yes
b91fffde-151a-4463-8114-6ec970c9ca40,split,Ficedula parva,"Ficedula albicilla, Ficedula parva",aou_7_47 (2006),2006,"Ficedula parva -> Ficedula albicilla + Ficedula parva [split, aou_7_47 (2006)]",,0,no,yes,,,0,no,yes
70d1f529-4e28-441a-96f1-75ff90337caf,split,Loxigilla noctis,"Loxigilla barbadensis, Loxigilla noctis",aou_7_47 (2006),2006,"Loxigilla noctis -> Loxigilla barbadensis + Loxigilla noctis [split, aou_7_47 (2006)]",,0,no,yes,,,0,no,yes
bb991a08-be68-48a7-925c-1050d790978b,split,Larus cachinnans,"Larus michahellis, Larus cachinnans",aou_7_48 (2007),2007,"Larus cachinnans -> Larus michahellis + Larus cachinnans [split, aou_7_48 (2007)]",,0,no,yes,,,0,no,yes
f5834492-c060-4524-86ed-597e5608186d,split,Anser fabalis,"Anser fabalis, Anser serrirostris",aou_7_48 (2007),2007,"Anser fabalis -> Anser fabalis + Anser serrirostris [split, aou_7_48 (2007)]",,0,no,yes,,,0,no,yes
ce7ba048-4a3b-42d7-8e2e-2f516986d5cc,lump,"Buteogallus anthracinus, Buteogallus subtilis",Buteogallus anthracinus,aou_7_49 (2008),2008,"Buteogallus anthracinus + Buteogallus subtilis -> Buteogallus anthracinus [lump, aou_7_49 (2008)]",,0,no,yes,,,0,no,yes
d9a9940b-2701-46d3-af89-cc8a877a83e0,split,Anas poecilorhyncha,"Anas poecilorhyncha, Anas zonorhyncha",aou_7_49 (2008),2008,"Anas poecilorhyncha -> Anas poecilorhyncha + Anas zonorhyncha [split, aou_7_49 (2008)]",,0,no,yes,,,0,no,yes
ce3d51f9-85dd-4f83-a338-39f591b246d4,split,Nonnula ruficapilla,"Nonnula frontalis, Nonnula ruficapilla",aou_7_49 (2008),2008,"Nonnula ruficapilla -> Nonnula frontalis + Nonnula ruficapilla [split, aou_7_49 (2008)]",,0,no,yes,,,0,no,yes
afc16df1-1be6-46d2-a972-d93e2a35374a,split,Phoenicopterus ruber,"Phoenicopterus ruber, Phoenicopterus roseus",aou_7_49 (2008),2008,"Phoenicopterus ruber -> Phoenicopterus ruber + Phoenicopterus roseus [split, aou_7_49 (2008)]",,0,no,yes,,,0,no,yes
6ad67b20-a6d9-4b92-b86a-da341c903ab7,split,Pelecanus occidentalis,"Pelecanus occidentalis, Pelecanus thagus",aou_7_49 (2008),2008,"Pelecanus occidentalis -> Pelecanus occidentalis + Pelecanus thagus [split, aou_7_49 (2008)]",,0,no,yes,,,0,no,yes
42735471-6517-448d-9192-02a001a16fcb,split,Conopias albovittatus,"Conopias albovittatus, Conopias parvus",aou_7_49 (2008),2008,"Conopias albovittatus -> Conopias albovittatus + Conopias parvus [split, aou_7_49 (2008)]",,0,no,yes,,,0,no,yes
cdb0ce1f-64ce-4318-99ca-708fe912fa19,split,Icterus icterus,"Icterus jamacaii, Icterus icterus, Icterus croconotus",aou_7_49 (2008),2008,"Icterus icterus -> Icterus jamacaii + Icterus icterus + Icterus croconotus [split, aou_7_49 (2008)]",,0,no,yes,,,0,no,yes
d351f996-2210-4264-bde8-dc1908a8f62e,split,Notharchus macrorhynchos,"Notharchus hyperrhynchus, Notharchus macrorhynchos",aou_7_50 (2009),2009,"Notharchus macrorhynchos -> Notharchus hyperrhynchus + Notharchus macrorhynchos [split, aou_7_50 (2009)]",,0,no,yes,,,0,no,yes
f5906d59-c5e4-4ff1-80c2-52db620c686b,split,Lepidocolaptes affinis,"Lepidocolaptes affinis, Lepidocolaptes lacrymiger",aou_7_50 (2009),2009,"Lepidocolaptes affinis -> Lepidocolaptes affinis + Lepidocolaptes lacrymiger [split, aou_7_50 (2009)]",,0,no,yes,,,0,no,yes
1098f58a-e23d-41e9-8d61-56d3f1dec7b8,split,Trogon melanurus,"Trogon mesurus, Trogon melanurus",aou_7_51 (2010),2010,"Trogon melanurus -> Trogon mesurus + Trogon melanurus [split, aou_7_51 (2010)]",,0,no,yes,,,0,no,yes
e6968912-b4c2-4e94-8ad7-e6cf70c3ee96,split,Melanitta nigra,"Melanitta americana, Melanitta nigra",aou_7_51 (2010),2010,"Melanitta nigra -> Melanitta americana + Melanitta nigra [split, aou_7_51 (2010)]","Oidemia nigra + Oidemia americana -> Oidemia nigra [lump, aou_4_19 (1944)]",1,yes,yes,,,0,no,yes
1f68c31e-4416-4c6e-afda-2b3eb04ff959,split,Trogon violaceus,"Trogon caligatus, Trogon violaceus",aou_7_51 (2010),2010,"Trogon violaceus -> Trogon caligatus + Trogon violaceus [split, aou_7_51 (2010)]",,0,no,yes,,,0,no,yes
af315599-8db4-4810-a253-27f0d5a2c1d1,split,Trogon viridis,"Trogon chionurus, Trogon viridis",aou_7_51 (2010),2010,"Trogon viridis -> Trogon chionurus + Trogon viridis [split, aou_7_51 (2010)]",,0,no,yes,,,0,no,yes
d5fb4faf-be1e-4465-9234-fc68ac646a8e,split,Caprimulgus vociferus,"Caprimulgus vociferus, Caprimulgus arizonae",aou_7_51 (2010),2010,"Caprimulgus vociferus -> Caprimulgus vociferus + Caprimulgus arizonae [split, aou_7_51 (2010)]",,0,no,yes,,,0,no,yes
0ed222b4-07d9-499a-b8fc-3017e64d6a93,split,Chasiempis sandwichensis,"Chasiempis ibidis, Chasiempis sandwichensis, Chasiempis sclateri",aou_7_51 (2010),2010,"Chasiempis sandwichensis -> Chasiempis ibidis + Chasiempis sandwichensis + Chasiempis sclateri [split, aou_7_51 (2010)]",,0,no,yes,,,0,no,yes
73f21b63-8f4e-4675-bbae-8ddf3e644b93,split,Icterus dominicensis,"Icterus northropi, Icterus melanopsis, Icterus portoricensis, Icterus dominicensis",aou_7_51 (2010),2010,"Icterus dominicensis -> Icterus northropi + Icterus melanopsis + Icterus portoricensis + Icterus dominicensis [split, aou_7_51 (2010)]",,0,no,yes,,,0,no,yes
a6ea4b51-30cb-46ae-980c-7c976038805a,split,Troglodytes troglodytes,"Troglodytes hiemalis, Troglodytes troglodytes, Troglodytes pacificus",aou_7_51 (2010),2010,"Troglodytes troglodytes -> Troglodytes hiemalis + Troglodytes troglodytes + Troglodytes pacificus [split, aou_7_51 (2010)]","Troglodytes troglodytes + Nannus hiemalis -> Troglodytes troglodytes [lump, aou_4_19 (1944)]",1,yes,yes,,,0,no,yes
48843932-15f2-42b2-aa5b-90398cb5aeec,split,Gallinula chloropus,"Gallinula chloropus, Gallinula galeata",aou_7_52 (2011),2011,"Gallinula chloropus -> Gallinula chloropus + Gallinula galeata [split, aou_7_52 (2011)]","Gallinula chloropus + Gallinula galeata -> Gallinula chloropus [lump, aou_3_18 (1923)]",1,yes,yes,"Gallinula chloropus + Gallinula galeata -> Gallinula chloropus [lump, aou_3_18 (1923)]",lump (1923) -> split (2011) [starting with change id 54b99fbe-8e72-4ec4-997d-72a258bc79d2],1,yes,yes
e1efc87c-739c-4e1b-8b4d-29858335bfbe,split,Chaetura andrei,"Chaetura meridionalis, Chaetura andrei",aou_7_52 (2011),2011,"Chaetura andrei -> Chaetura meridionalis + Chaetura andrei [split, aou_7_52 (2011)]",,0,no,yes,,,0,no,yes
e57931ae-fa67-4a97-9575-a4cecb23167d,lump,"Ramphastos ambiguus, Ramphastos swainsonii",Ramphastos ambiguus,aou_7_52 (2011),2011,"Ramphastos ambiguus + Ramphastos swainsonii -> Ramphastos ambiguus [lump, aou_7_52 (2011)]",,0,no,yes,,,0,no,yes
1bd608c9-b24c-4966-9ad0-24a7daaefa69,split,Aphelocoma ultramarina,"Aphelocoma wollweberi, Aphelocoma ultramarina",aou_7_52 (2011),2011,"Aphelocoma ultramarina -> Aphelocoma wollweberi + Aphelocoma ultramarina [split, aou_7_52 (2011)]","Aphelocoma ultramarina + Aphelocoma sordida -> Aphelocoma ultramarina [lump, aou_4_22 (1947)]",1,yes,yes,,,0,no,yes
7d9fe868-4d22-4b33-acbe-7ea2084da99e,split,Setophaga dominica,"Setophaga flavescens, Setophaga dominica",aou_7_52 (2011),2011,"Setophaga dominica -> Setophaga flavescens + Setophaga dominica [split, aou_7_52 (2011)]",,0,no,yes,,,0,no,yes
74114b59-5520-422d-b289-e86d3dfcdec1,split,Charadrius alexandrinus,"Charadrius alexandrinus, Charadrius nivosus",aou_7_52 (2011),2011,"Charadrius alexandrinus -> Charadrius alexandrinus + Charadrius nivosus [split, aou_7_52 (2011)]","Charadrius alexandrinus + Charadrius nivosus -> Charadrius alexandrinus [lump, aou_4_19 (1944)]",1,yes,yes,"Charadrius alexandrinus + Charadrius nivosus -> Charadrius alexandrinus [lump, aou_4_19 (1944)]",lump (1944) -> split (2011) [starting with change id ac24110b-f044-4d9f-b743-f8d3a1b37a53],1,yes,yes
80bda466-9579-4066-a36e-bbdd12e764ba,split,Puffinus lherminieri,"Puffinus subalaris, Puffinus lherminieri",aou_7_53 (2012),2012,"Puffinus lherminieri -> Puffinus subalaris + Puffinus lherminieri [split, aou_7_53 (2012)]",,0,no,yes,,,0,no,yes
21f714cc-48c5-412d-ab59-330c4f4905d7,split,Synthliboramphus hypoleucus,"Synthliboramphus hypoleucus, Synthliboramphus scrippsi",aou_7_53 (2012),2012,"Synthliboramphus hypoleucus -> Synthliboramphus hypoleucus + Synthliboramphus scrippsi [split, aou_7_53 (2012)]",,0,no,yes,,,0,no,yes
65849df1-1bae-48fa-acd4-dfe1fe8d96c0,split,Buteo nitidus,"Buteo plagiatus, Buteo nitidus",aou_7_53 (2012),2012,"Buteo nitidus -> Buteo plagiatus + Buteo nitidus [split, aou_7_53 (2012)]",,0,no,yes,,,0,no,yes
7ed3805f-250e-4049-adb7-0ec89c711ea0,split,Arremon torquatus,"Arremon atricapillus, Arremon costaricensis, Arremon torquatus",aou_7_53 (2012),2012,"Arremon torquatus -> Arremon atricapillus + Arremon costaricensis + Arremon torquatus [split, aou_7_53 (2012)]",,0,no,yes,,,0,no,yes
4d951549-7b91-4170-9eef-0f10d9a1375b,lump,"Basileuterus culicivorus, Basileuterus hypoleucus",Basileuterus culicivorus,aou_7_53 (2012),2012,"Basileuterus culicivorus + Basileuterus hypoleucus -> Basileuterus culicivorus [lump, aou_7_53 (2012)]",,0,no,yes,,,0,no,yes
b2b27bb1-f238-460a-adeb-56d011c974fe,split,Artemisiospiza belli,"Artemisiospiza belli, Artemisiospiza nevadensis",aou_7_54 (2013),2013,"Artemisiospiza belli -> Artemisiospiza belli + Artemisiospiza nevadensis [split, aou_7_54 (2013)]",,0,no,yes,,,0,no,yes
99ed0f34-6c76-44c3-8d17-1501ea97d089,split,Puffinus assimilis,"Puffinus assimilis, Puffinus baroli",aou_7_54 (2013),2013,"Puffinus assimilis -> Puffinus assimilis + Puffinus baroli [split, aou_7_54 (2013)]",,0,no,yes,,,0,no,yes
850dbb89-d603-41fb-af04-f76a2c66fb92,split,Myrmeciza immaculata,"Myrmeciza zeledoni, Myrmeciza immaculata",aou_7_54 (2013),2013,"Myrmeciza immaculata -> Myrmeciza zeledoni + Myrmeciza immaculata [split, aou_7_54 (2013)]",,0,no,yes,,,0,no,yes
b0d0f18d-1b2f-4428-87ab-305066ce2061,split,Schiffornis turdina,"Schiffornis stenorhyncha, Schiffornis veraepacis, Schiffornis turdina",aou_7_54 (2013),2013,"Schiffornis turdina -> Schiffornis stenorhyncha + Schiffornis veraepacis + Schiffornis turdina [split, aou_7_54 (2013)]",,0,no,yes,,,0,no,yes
465aa07a-621b-4ad4-b29f-3b883a9ddb9d,lump,"Thalurania fannyi, Thalurania colombica",Thalurania colombica,aou_7_54 (2013),2013,"Thalurania fannyi + Thalurania colombica -> Thalurania colombica [lump, aou_7_54 (2013)]","Thalurania colombica -> Thalurania ridgwayi + Thalurania fannyi + Thalurania colombica [split, aou_6_39 (1993)]",1,yes,yes,,,0,no,yes
aaa9514c-6e5e-4e16-b563-c97a8b93d3e9,split,Automolus rubiginosus,"Automolus rubiginosus, Automolus rufipectus",aou_7_54 (2013),2013,"Automolus rubiginosus -> Automolus rubiginosus + Automolus rufipectus [split, aou_7_54 (2013)]",,0,no,yes,,,0,no,yes
b18a7117-5443-4b88-b963-05988979cf1d,split,Dendrocincla fuliginosa,"Dendrocincla fuliginosa, Dendrocincla turdina",aou_7_54 (2013),2013,"Dendrocincla fuliginosa -> Dendrocincla fuliginosa + Dendrocincla turdina [split, aou_7_54 (2013)]",,0,no,yes,,,0,no,yes
71f03f66-bd1e-4fd8-92ae-12b66f6891c9,split,Troglodytes aedon,"Troglodytes cobbi, Troglodytes aedon",aou_7_54 (2013),2013,"Troglodytes aedon -> Troglodytes cobbi + Troglodytes aedon [split, aou_7_54 (2013)]",,0,no,yes,,,0,no,yes
8a992660-6dd3-45ff-b4d2-a50f98104036,split,Thalassarche cauta,"Thalassarche eremita, Thalassarche cauta, Thalassarche salvini",aou_7_55 (2014),2014,"Thalassarche cauta -> Thalassarche eremita + Thalassarche cauta + Thalassarche salvini [split, aou_7_55 (2014)]",,0,no,yes,,,0,no,yes
d53e9518-16ad-458f-a4bb-4943c401b8a1,split,Rallus elegans,"Rallus elegans, Rallus tenuirostris",aou_7_55 (2014),2014,"Rallus elegans -> Rallus elegans + Rallus tenuirostris [split, aou_7_55 (2014)]",,0,no,yes,,,0,no,yes
ad098ee4-0ede-49e8-877b-2214ccda04dc,split,Phylloscopus borealis,"Phylloscopus borealis, Phylloscopus xanthodryas, Phylloscopus examinandus",aou_7_55 (2014),2014,"Phylloscopus borealis -> Phylloscopus borealis + Phylloscopus xanthodryas + Phylloscopus examinandus [split, aou_7_55 (2014)]",,0,no,yes,,,0,no,yes
3c585d00-5f5b-4cd3-837f-358520cd5b03,split,Junco hyemalis,"Junco insularis, Junco hyemalis",aou_7_55 (2014),2014,"Junco hyemalis -> Junco insularis + Junco hyemalis [split, aou_7_55 (2014)]","Junco oreganus + Junco insularis + Junco hyemalis + Junco aikeni -> Junco hyemalis [lump, aou_5_32 (1973)]",1,yes,yes,,,0,no,yes
e6bc4b2e-3bb3-4bce-ab28-5031d816b334,split,Rallus longirostris,"Rallus obsoletus, Rallus longirostris, Rallus crepitans",aou_7_55 (2014),2014,"Rallus longirostris -> Rallus obsoletus + Rallus longirostris + Rallus crepitans [split, aou_7_55 (2014)]","Rallus longirostris -> Rallus longirostris + Rallus scottii + Rallus crepitans [split, aou_1_02 (1890)]; Rallus obsoletus + Rallus longirostris -> Rallus longirostris [lump, aou_4_19 (1944)]",2,yes,yes,,,0,no,yes
7ed9217d-c66f-4ccc-84cc-f877aca9e3cb,split,Ninox scutulata,"Ninox japonica, Ninox scutulata",aou_7_55 (2014),2014,"Ninox scutulata -> Ninox japonica + Ninox scutulata [split, aou_7_55 (2014)]",,0,no,yes,,,0,no,yes
29d6ea31-64d6-4257-84f7-bd616e55d540,split,Gymnopithys leucaspis,"Gymnopithys bicolor, Gymnopithys leucaspis",aou_7_55 (2014),2014,"Gymnopithys leucaspis -> Gymnopithys bicolor + Gymnopithys leucaspis [split, aou_7_55 (2014)]",,0,no,yes,,,0,no,yes
94fb6f38-c951-432c-9517-2db02bc203a3,split,Sporophila americana,"Sporophila corvina, Sporophila americana",aou_7_55 (2014),2014,"Sporophila americana -> Sporophila corvina + Sporophila americana [split, aou_7_55 (2014)]",,0,no,yes,,,0,no,yes
ee956656-6c1e-4688-9d32-48178390ebf0,split,Pyrrhura picta,"Pyrrhura lucianii, Pyrrhura picta, Pyrrhura roseifrons, Pyrrhura amazonum",aou_7_55 (2014),2014,"Pyrrhura picta -> Pyrrhura lucianii + Pyrrhura picta + Pyrrhura roseifrons + Pyrrhura amazonum [split, aou_7_55 (2014)]",,0,no,yes,,,0,no,yes
b295f932-24ac-436c-a923-574001d2b743,split,Pterodroma arminjoniana,"Pterodroma heraldica, Pterodroma arminjoniana",aou_7_56 (2015),2015,"Pterodroma arminjoniana -> Pterodroma heraldica + Pterodroma arminjoniana [split, aou_7_56 (2015)]",,0,no,yes,,,0,no,yes
6edd955c-4d03-46a3-b494-c7de3b897120,split,Puffinus auricularis,"Puffinus newelli, Puffinus auricularis, Puffinus myrtae",aou_7_56 (2015),2015,"Puffinus auricularis -> Puffinus newelli + Puffinus auricularis + Puffinus myrtae [split, aou_7_56 (2015)]",,0,no,yes,,,0,no,yes
d82c0634-56b5-4884-abe9-99d89fab5b00,split,Calliphlox evelynae,"Calliphlox evelynae, Calliphlox lyrura",aou_7_56 (2015),2015,"Calliphlox evelynae -> Calliphlox evelynae + Calliphlox lyrura [split, aou_7_56 (2015)]",,0,no,yes,,,0,no,yes
00bec119-4e01-4108-b11d-47d6be6d90a2,split,Phaethornis longirostris,"Phaethornis longirostris, Phaethornis mexicanus",aou_7_56 (2015),2015,"Phaethornis longirostris -> Phaethornis longirostris + Phaethornis mexicanus [split, aou_7_56 (2015)]",,0,no,yes,,,0,no,yes
effb9a36-8a1f-443f-be7d-7f3f4f024546,split,Akialoa ellisiana,"Akialoa stejnegeri, Akialoa lanaiensis, Akialoa ellisiana",aou_7_56 (2015),2015,"Akialoa ellisiana -> Akialoa stejnegeri + Akialoa lanaiensis + Akialoa ellisiana [split, aou_7_56 (2015)]",,0,no,yes,,,0,no,yes
fccf5e5c-d05c-4ebe-a944-3626cef592f1,split,Hemignathus lucidus,"Hemignathus hanapepe, Hemignathus affinis, Hemignathus lucidus",aou_7_56 (2015),2015,"Hemignathus lucidus -> Hemignathus hanapepe + Hemignathus affinis + Hemignathus lucidus [split, aou_7_56 (2015)]",,0,no,yes,,,0,no,yes
2b8ef5ff-211b-4ecf-8600-9ee4cee73cec,split,Loxops coccineus,"Loxops coccineus, Loxops ochraceus, Loxops wolstenholmei",aou_7_56 (2015),2015,"Loxops coccineus -> Loxops coccineus + Loxops ochraceus + Loxops wolstenholmei [split, aou_7_56 (2015)]",,0,no,yes,,,0,no,yes
429fcda5-9586-4355-a538-bb029d0605ed,split,Himatione sanguinea,"Himatione sanguinea, Himatione fraithii",aou_7_56 (2015),2015,"Himatione sanguinea -> Himatione sanguinea + Himatione fraithii [split, aou_7_56 (2015)]",,0,no,yes,,,0,no,yes
eda34d0d-1802-4fa6-ab20-100869dd9c28,split,Cranioleuca vulpina,"Cranioleuca dissita, Cranioleuca vulpina",aou_7_56 (2015),2015,"Cranioleuca vulpina -> Cranioleuca dissita + Cranioleuca vulpina [split, aou_7_56 (2015)]",,0,no,yes,,,0,no,yes
c5d55d8e-397b-4d10-95e2-b5e278f56ece,split,Stercorarius skua,"Stercorarius skua, Stercorarius antarcticus",aou_7_56 (2015),2015,"Stercorarius skua -> Stercorarius skua + Stercorarius antarcticus [split, aou_7_56 (2015)]",,0,no,yes,,,0,no,yes
fe49166f-0f79-4ba2-ac69-fdf4a6dc85ef,split,Oceanodroma leucorhoa,"Oceanodroma leucorhoa, Oceanodroma socorroensis, Oceanodroma cheimomnestes",aou_7_57 (2016),2016,"Oceanodroma leucorhoa -> Oceanodroma leucorhoa + Oceanodroma socorroensis + Oceanodroma cheimomnestes [split, aou_7_57 (2016)]","Oceanodroma leucorhoa + Oceanodroma soccoroensis -> Oceanodroma leucorhoa [lump, aou_4_21 (1946)]",1,yes,yes,,,0,no,yes
4cd53bdc-03bb-4d8e-be0d-7f2391666ca0,split,Colibri thalassinus,"Colibri thalassinus, Colibri cyanotus",aou_7_57 (2016),2016,"Colibri thalassinus -> Colibri thalassinus + Colibri cyanotus [split, aou_7_57 (2016)]",,0,no,yes,,,0,no,yes
17396702-8a5f-47dc-89f7-ae2f25d30f2f,split,Aramides cajaneus,"Aramides albiventris, Aramides cajaneus",aou_7_57 (2016),2016,"Aramides cajaneus -> Aramides albiventris + Aramides cajaneus [split, aou_7_57 (2016)]",,0,no,yes,,,0,no,yes
74fdce04-f05f-45d8-bf0c-fde0f1c3c619,split,Momotus momota,"Momotus momota, Momotus lessonii, Momotus coeruliceps, Momotus subrufescens",aou_7_57 (2016),2016,"Momotus momota -> Momotus momota + Momotus lessonii + Momotus coeruliceps + Momotus subrufescens [split, aou_7_57 (2016)]",,0,no,yes,,,0,no,yes
2cc88879-d61d-4abd-a8f3-996afaabf5c8,split,Psittacara chloropterus,"Psittacara chloropterus, Psittacara maugei",aou_7_57 (2016),2016,"Psittacara chloropterus -> Psittacara chloropterus + Psittacara maugei [split, aou_7_57 (2016)]",,0,no,yes,,,0,no,yes
2e05e095-504e-475a-ae05-ae4a58eb424d,split,Sirystes sibilator,"Sirystes sibilator, Sirystes albogriseus",aou_7_57 (2016),2016,"Sirystes sibilator -> Sirystes sibilator + Sirystes albogriseus [split, aou_7_57 (2016)]",,0,no,yes,,,0,no,yes
7033cb94-7758-4c5c-be80-7744f45e5017,split,Aphelocoma californica,"Aphelocoma californica, Aphelocoma woodhouseii",aou_7_57 (2016),2016,"Aphelocoma californica -> Aphelocoma californica + Aphelocoma woodhouseii [split, aou_7_57 (2016)]","Aphelocoma woodhousei + Aphelocoma texana + Aphelocoma cyanotis + Aphelocoma californica -> Aphelocoma californica [lump, aou_4 (1931)]",1,yes,yes,,,0,no,yes
c8efb231-e7ff-449d-8e9d-91e179d9e0df,lump,"Fulica caribaea, Fulica americana",Fulica americana,aou_7_57 (2016),2016,"Fulica caribaea + Fulica americana -> Fulica americana [lump, aou_7_57 (2016)]",,0,no,yes,,,0,no,yes
826c08fe-84d5-4aa1-b909-8564d943e51c,split,Cantorchilus modestus,"Cantorchilus elutus, Cantorchilus modestus, Cantorchilus zeledoni",aou_7_57 (2016),2016,"Cantorchilus modestus -> Cantorchilus elutus + Cantorchilus modestus + Cantorchilus zeledoni [split, aou_7_57 (2016)]",,0,no,yes,,,0,no,yes
6f41a117-c52a-4f13-aa48-6ead70d3a5a7,split,Basileuterus tristriatus,"Basileuterus tristriatus, Basileuterus melanotis, Basileuterus tacarcunae",aou_7_57 (2016),2016,"Basileuterus tristriatus -> Basileuterus tristriatus + Basileuterus melanotis + Basileuterus tacarcunae [split, aou_7_57 (2016)]",,0,no,yes,,,0,no,yes
