id,name,names_in_dataset,all_names_in_cluster,taxon_concept_count,taxon_concepts,trajectory,trajectory_without_renames,trajectory_lumps_splits,first_added_dataset,first_added_year,TaxonName#nameComplete,acceptedNameUsageID,parentNameUsageID,scientificName,taxonID,taxonRank,taxonomicStatus
2ffc14a0-67a4-43e1-a15c-b16222e6b114,Blythophryne beryet,Blythophryne beryet,Blythophryne beryet,0,,,,,NA,NA,NA,NA,NA,NA,NA,NA,NA
a0066b99-7f9c-4f80-9c13-3e0c3e481d46,Uperoleia stridera,Uperoleia stridera,Uperoleia stridera,0,,,,,NA,NA,NA,NA,NA,NA,NA,NA,NA
e5faa2cd-32c1-4c7b-840b-b4326179eb4a,Amazophrynella manaos,Amazophrynella manaos,Amazophrynella manaos,0,,,,,NA,NA,NA,NA,NA,NA,NA,NA,NA
f2dd6fe1-04c5-4264-b92c-8de19fd5a2a6,Excidobates condor,Excidobates condor,Excidobates condor,0,,,,,NA,NA,NA,NA,NA,NA,NA,NA,NA
4207e6f5-0b29-41ea-bdd2-fb46e1858c9c,Amolops chayuensis,Amolops chayuensis,Amolops chayuensis,0,,,,,NA,NA,NA,NA,NA,NA,NA,NA,NA
f38b8b4d-32d2-4108-81f7-1abd23bce218,Ichthyophis multicolor,Ichthyophis multicolor,Ichthyophis multicolor,0,,,,,NA,NA,NA,NA,NA,NA,NA,NA,NA
ff9bac71-ffa5-472a-99b9-73be177baeba,Ansonia smeagol,Ansonia smeagol,Ansonia smeagol,0,,,,,NA,NA,NA,NA,NA,NA,NA,NA,NA
88501229-5eb3-41e1-903e-a12b6c1fa695,Hyloscirtus antioquia,Hyloscirtus antioquia,Hyloscirtus antioquia,0,,,,,NA,NA,NA,NA,NA,NA,NA,NA,NA
74e3faf9-fcd5-4390-892b-487486c00a4f,Oreophryne anser,Oreophryne anser,Oreophryne anser,0,,,,,NA,NA,NA,NA,NA,NA,NA,NA,NA
d17ab2ac-503a-4297-9159-64835a36b809,Nototriton mime,Nototriton mime,Nototriton mime,0,,,,,NA,NA,NA,NA,NA,NA,NA,NA,NA
de95ccb7-600a-46b4-9df7-99bcf0de2b66,Gracixalus seesom,Gracixalus seesom,Gracixalus seesom,0,,,,,NA,NA,NA,NA,NA,NA,NA,NA,NA
5ed9788b-aacd-4b31-ae0e-b9d9f37cf0af,Leptobrachium kantonishikawai,Leptobrachium kantonishikawai,Leptobrachium kantonishikawai,0,,,,,NA,NA,NA,NA,NA,NA,NA,NA,NA
577cbb77-9f82-4a14-9822-43e601a7f1c1,Chimerella corleone,Chimerella corleone,Chimerella corleone,0,,,,,NA,NA,NA,NA,NA,NA,NA,NA,NA
9a1f62b7-d54b-464a-943f-691f8d1f1897,Bolitoglossa aurae,Bolitoglossa aurae,Bolitoglossa aurae,0,,,,,NA,NA,NA,NA,NA,NA,NA,NA,NA
0405da88-895e-478c-ba01-4a2cfff70374,Adelophryne glandulata,Adelophryne glandulata,Adelophryne glandulata,0,,,,,NA,NA,NA,NA,NA,NA,NA,NA,NA
862b559b-d790-48f6-817e-3e092527367f,Pristimantis hoogmoedi,Pristimantis hoogmoedi,Pristimantis hoogmoedi,0,,,,,NA,NA,NA,NA,NA,NA,NA,NA,NA
b87b142b-102f-4c9e-ba9a-2e06ff5413f8,Leptodactylus oreomantis,Leptodactylus oreomantis,Leptodactylus oreomantis,0,,,,,NA,NA,NA,NA,NA,NA,NA,NA,NA
4e53fd39-b7a0-4c95-8774-bcbbf54ed550,Lyciasalamandra yehudahi,Lyciasalamandra yehudahi,Lyciasalamandra yehudahi,0,,,,,NA,NA,NA,NA,NA,NA,NA,NA,NA
baa2ad75-8f1a-4b27-b07a-df7f761d2b86,Chiromantis marginis,Chiromantis marginis,Chiromantis marginis,0,,,,,NA,NA,NA,NA,NA,NA,NA,NA,NA
d1fb461f-463b-4020-9903-5d385eb854af,Guibemantis tasifotsy,Guibemantis tasifotsy,Guibemantis tasifotsy,0,,,,,NA,NA,NA,NA,NA,NA,NA,NA,NA
dcfae085-2d7e-4ee8-87f3-6fe7a94deec0,Rhacophorus leucofasciatus,Rhacophorus leucofasciatus,Rhacophorus leucofasciatus,0,,,,,NA,NA,NA,NA,NA,NA,NA,NA,NA
5f00450a-773d-46a6-bb4e-2f63e1ec45ec,Brachycephalus sulfuratus,Brachycephalus sulfuratus,Brachycephalus sulfuratus,0,,,,,NA,NA,NA,NA,NA,NA,NA,NA,NA
1f8816bc-c744-4b0b-ac1b-b9b103ca18af,Cophyla noromalalae,Cophyla noromalalae,Cophyla noromalalae,0,,,,,NA,NA,NA,NA,NA,NA,NA,NA,NA
dd870cf6-d8cb-4fbc-b218-f853cf474165,Pristimantis paquishae,Pristimantis paquishae,Pristimantis paquishae,0,,,,,NA,NA,NA,NA,NA,NA,NA,NA,NA
9fc3bd12-1eb4-4aef-bfa9-5abad14e6456,Nyctibatrachus kumbara,Nyctibatrachus kumbara,Nyctibatrachus kumbara,0,,,,,NA,NA,NA,NA,NA,NA,NA,NA,NA
b97d32d9-3849-4607-9cb0-9609ee25966b,Raorchestes honnametti,Raorchestes honnametti,Raorchestes honnametti,0,,,,,NA,NA,NA,NA,NA,NA,NA,NA,NA
26e186d3-35e3-431c-a7b1-26fa1882644c,Rhinella horribilis,Rhinella horribilis,Rhinella horribilis,0,,,,,NA,NA,NA,NA,NA,NA,NA,NA,NA
f6b51ff9-2595-41a7-bfe6-bab6342885bf,Pristimantis pulchridormientes,Pristimantis pulchridormientes,Pristimantis pulchridormientes,0,,,,,NA,NA,NA,NA,NA,NA,NA,NA,NA
c01fd8a1-4b63-4237-b1a0-53590440f121,Raorchestes aureus,Raorchestes aureus,Raorchestes aureus,0,,,,,NA,NA,NA,NA,NA,NA,NA,NA,NA
01de141f-d7bb-4922-a850-0228a2d23bb3,Pristimantis sacharuna,Pristimantis sacharuna,Pristimantis sacharuna,0,,,,,NA,NA,NA,NA,NA,NA,NA,NA,NA
22167312-6e0e-4e21-804f-e0471e01aa85,Oreophryne ampelos,Oreophryne ampelos,Oreophryne ampelos,0,,,,,NA,NA,NA,NA,NA,NA,NA,NA,NA
a8ca1ea0-b993-40f9-925f-ea85f58ecdb2,Telmatobius ventriflavum,Telmatobius ventriflavum,Telmatobius ventriflavum,0,,,,,NA,NA,NA,NA,NA,NA,NA,NA,NA
f0e7fa4f-e20f-4baa-8bb6-755bafe493d7,Raorchestes echinatus,Raorchestes echinatus,Raorchestes echinatus,0,,,,,NA,NA,NA,NA,NA,NA,NA,NA,NA
dcc7c2c3-7275-4c13-b3c7-90cf77ffe94c,Tylototriton podichthys,Tylototriton podichthys,Tylototriton podichthys,0,,,,,NA,NA,NA,NA,NA,NA,NA,NA,NA
63be6d69-07f7-4e9b-ba89-194f6bcb7005,Microhyla pulchella,Microhyla pulchella,Microhyla pulchella,0,,,,,NA,NA,NA,NA,NA,NA,NA,NA,NA
897e8cf9-8059-4702-9ba2-1a0c61868c3e,Fritziana tonimi,Fritziana tonimi,Fritziana tonimi,0,,,,,NA,NA,NA,NA,NA,NA,NA,NA,NA
3a96799d-66a1-45cd-84ab-25199c9d6db2,Raorchestes archeos,Raorchestes archeos,Raorchestes archeos,0,,,,,NA,NA,NA,NA,NA,NA,NA,NA,NA
9be7f408-a128-48f6-ae26-c9694f60dd99,Nyctimystes eucavatus,Nyctimystes eucavatus,Nyctimystes eucavatus,0,,,,,NA,NA,NA,NA,NA,NA,NA,NA,NA
eca74149-b6ed-47f0-9196-e53010e80b1f,Onychodactylus intermedius,Onychodactylus intermedius,Onychodactylus intermedius,0,,,,,NA,NA,NA,NA,NA,NA,NA,NA,NA
f585f640-2866-4bf1-b4fe-f3fa4530631d,Bolitoglossa madeira,Bolitoglossa madeira,Bolitoglossa madeira,0,,,,,NA,NA,NA,NA,NA,NA,NA,NA,NA
8523c95d-9962-4556-b27b-53bc90e24829,Indosylvirana urbis,Indosylvirana urbis,Indosylvirana urbis,0,,,,,NA,NA,NA,NA,NA,NA,NA,NA,NA
1be149b8-80ed-4578-8893-e0b7993e539f,Indirana bhadrai,Indirana bhadrai,Indirana bhadrai,0,,,,,NA,NA,NA,NA,NA,NA,NA,NA,NA
bc1f4f09-22d5-4839-b48f-0ef93cba91b9,Pseudophilautus sirilwijesundarai,Pseudophilautus sirilwijesundarai,Pseudophilautus sirilwijesundarai,0,,,,,NA,NA,NA,NA,NA,NA,NA,NA,NA
9e61a6e0-5eba-4c01-820a-d119d1053740,Odontobatrachus fouta,Odontobatrachus fouta,Odontobatrachus fouta,0,,,,,NA,NA,NA,NA,NA,NA,NA,NA,NA
1d026fac-5135-4471-9262-87b99d5940a9,Tylototriton ziegleri,Tylototriton ziegleri,Tylototriton ziegleri,0,,,,,NA,NA,NA,NA,NA,NA,NA,NA,NA
5713f83f-bafc-476c-b30f-fb26549e8f89,Psychrophrynella chirihampatu,Psychrophrynella chirihampatu,Psychrophrynella chirihampatu,0,,,,,NA,NA,NA,NA,NA,NA,NA,NA,NA
3e1c9d9f-5a16-4e2a-9c8d-619e23e8f39d,Hyperolius inyangae,Hyperolius inyangae,Hyperolius inyangae,0,,,,,NA,NA,NA,NA,NA,NA,NA,NA,NA
96d0611b-5add-4e6b-9813-04c79511cedd,Gracixalus lumarius,Gracixalus lumarius,Gracixalus lumarius,0,,,,,NA,NA,NA,NA,NA,NA,NA,NA,NA
2908f431-2b24-4602-ac16-f1b528bd2ae2,Limnonectes sinuatodorsalis,Limnonectes sinuatodorsalis,Limnonectes sinuatodorsalis,0,,,,,NA,NA,NA,NA,NA,NA,NA,NA,NA
a13c726f-a7bf-45ab-834f-ba92d1ea68f2,Rhombophryne botabota,Rhombophryne botabota,Rhombophryne botabota,0,,,,,NA,NA,NA,NA,NA,NA,NA,NA,NA
749dc0ec-d143-43bb-b56e-07e95e4f455a,Phrynopus valquii,Phrynopus valquii,Phrynopus valquii,0,,,,,NA,NA,NA,NA,NA,NA,NA,NA,NA
fc969f4b-0656-47c4-b587-128fb350d705,Pseudophilautus samarakoon,Pseudophilautus samarakoon,Pseudophilautus samarakoon,0,,,,,NA,NA,NA,NA,NA,NA,NA,NA,NA
6eacea5b-8ca0-4cbe-a91b-ebb03ce390a6,Raorchestes lechiya,Raorchestes lechiya,Raorchestes lechiya,0,,,,,NA,NA,NA,NA,NA,NA,NA,NA,NA
68669cc2-02ae-46b4-a5cc-a7eb3d2de3e6,Pristimantis hampatusami,Pristimantis hampatusami,Pristimantis hampatusami,0,,,,,NA,NA,NA,NA,NA,NA,NA,NA,NA
c5d736f0-531b-47c6-985c-81cc3f9e7028,Noblella personina,Noblella personina,Noblella personina,0,,,,,NA,NA,NA,NA,NA,NA,NA,NA,NA
1caef1e4-dd71-426b-a923-99ee9ec667b2,Eleutherodactylus wixarika,Eleutherodactylus wixarika,Eleutherodactylus wixarika,0,,,,,NA,NA,NA,NA,NA,NA,NA,NA,NA
e8cf1db3-9a05-4707-ba14-fa673780bd86,Paramesotriton aurantius,Paramesotriton aurantius,Paramesotriton aurantius,0,,,,,NA,NA,NA,NA,NA,NA,NA,NA,NA
935a04f7-814c-4b67-8862-348a05193dbd,Incilius majordomus,Incilius majordomus,Incilius majordomus,0,,,,,NA,NA,NA,NA,NA,NA,NA,NA,NA
215c545c-edb5-4a0a-8bd4-e141a63ea354,Crossodactylus franciscanus,Crossodactylus franciscanus,Crossodactylus franciscanus,0,,,,,NA,NA,NA,NA,NA,NA,NA,NA,NA
ac3a8cb5-574b-4e05-9147-8232416fe2dc,Tylototriton himalayanus,Tylototriton himalayanus,Tylototriton himalayanus,0,,,,,NA,NA,NA,NA,NA,NA,NA,NA,NA
a6113b2c-b1ee-49b6-ac56-7b2a6aabf034,Limnonectes selatan,Limnonectes selatan,Limnonectes selatan,0,,,,,NA,NA,NA,NA,NA,NA,NA,NA,NA
571fb106-91ab-4744-afd6-1cd50479a784,Hypsiboas steinbachi,Hypsiboas steinbachi,Hypsiboas steinbachi,0,,,,,NA,NA,NA,NA,NA,NA,NA,NA,NA
498e2b7b-4ab4-4d03-a5e4-42a0f846e84f,Bolitoglossa tamaense,Bolitoglossa tamaense,Bolitoglossa tamaense,0,,,,,NA,NA,NA,NA,NA,NA,NA,NA,NA
47c27631-f08c-4972-9ba6-df091565c015,Pyxicephalus angusticeps,Pyxicephalus angusticeps,Pyxicephalus angusticeps,0,,,,,NA,NA,NA,NA,NA,NA,NA,NA,NA
3bfafd9a-4242-45ce-aa26-c013834daa6d,Phrynomedusa dryade,Phrynomedusa dryade,Phrynomedusa dryade,0,,,,,NA,NA,NA,NA,NA,NA,NA,NA,NA
5b361d38-d22b-42cf-8cf8-caec62c34865,Pseudophilautus karunarathnai,Pseudophilautus karunarathnai,Pseudophilautus karunarathnai,0,,,,,NA,NA,NA,NA,NA,NA,NA,NA,NA
2e844543-1971-478e-b584-8f6473eb4973,Hyperolius ukwiva,Hyperolius ukwiva,Hyperolius ukwiva,0,,,,,NA,NA,NA,NA,NA,NA,NA,NA,NA
ec8691d0-0629-40a6-b97d-3cc0cbdf423a,Microcaecilia marvaleewakeae,Microcaecilia marvaleewakeae,Microcaecilia marvaleewakeae,0,,,,,NA,NA,NA,NA,NA,NA,NA,NA,NA
e748a451-b8b4-419e-a5b3-574dc8a7b2b4,Pseudophilautus dayawansai,Pseudophilautus dayawansai,Pseudophilautus dayawansai,0,,,,,NA,NA,NA,NA,NA,NA,NA,NA,NA
a65694c3-4efe-425a-9a1b-1c02db1497ad,Ameerega boehmei,Ameerega boehmei,Ameerega boehmei,0,,,,,NA,NA,NA,NA,NA,NA,NA,NA,NA
5ed98848-2caf-48d5-88dd-5b2bb423b9f1,Scinax montivagus,Scinax montivagus,Scinax montivagus,0,,,,,NA,NA,NA,NA,NA,NA,NA,NA,NA
9dfa6751-1ccf-4316-ae9b-fc7bb75cc2eb,Ichthyophis catlocensis,Ichthyophis catlocensis,Ichthyophis catlocensis,0,,,,,NA,NA,NA,NA,NA,NA,NA,NA,NA
1d95e664-e6f2-4c8b-87de-3dfcf1295b0a,Microhyla orientalis,Microhyla orientalis,Microhyla orientalis,0,,,,,NA,NA,NA,NA,NA,NA,NA,NA,NA
1919b1d7-cbd3-4a99-8028-4cd4fe17b106,Stumpffia analamaina,Stumpffia analamaina,Stumpffia analamaina,0,,,,,NA,NA,NA,NA,NA,NA,NA,NA,NA
d33cfc1c-099a-4414-a719-ac2f7cc3c03e,Pseudophilautus newtonjayawardanei,Pseudophilautus newtonjayawardanei,Pseudophilautus newtonjayawardanei,0,,,,,NA,NA,NA,NA,NA,NA,NA,NA,NA
cf6a4fce-8b8e-4d96-884a-a2bf031d1563,Xenopus eysoole,Xenopus eysoole,Xenopus eysoole,0,,,,,NA,NA,NA,NA,NA,NA,NA,NA,NA
dcfd2522-6471-481e-8aa1-541b55c1b6f6,Sclerophrys pusilla,Sclerophrys pusilla,Sclerophrys pusilla,0,,,,,NA,NA,NA,NA,NA,NA,NA,NA,NA
b6a0caff-715c-4d9f-ba7e-5d33354a5c38,Micrixalus frigidus,Micrixalus frigidus,Micrixalus frigidus,0,,,,,NA,NA,NA,NA,NA,NA,NA,NA,NA
fec968ad-49d6-435b-b670-0edaf82c0aab,Silverstoneia minutissima,Silverstoneia minutissima,Silverstoneia minutissima,0,,,,,NA,NA,NA,NA,NA,NA,NA,NA,NA
a919b48b-66ff-4408-8599-e0c51e47f44f,Rhacophorus viridimaculatus,Rhacophorus viridimaculatus,Rhacophorus viridimaculatus,0,,,,,NA,NA,NA,NA,NA,NA,NA,NA,NA
3df65c5f-bb80-46e6-9e8d-1f270f002f0a,Hyloscirtus mashpi,Hyloscirtus mashpi,Hyloscirtus mashpi,0,,,,,NA,NA,NA,NA,NA,NA,NA,NA,NA
ca3118b1-8e89-44ea-bdc3-4c9aa81c6d02,Pristimantis nubisilva,Pristimantis nubisilva,Pristimantis nubisilva,0,,,,,NA,NA,NA,NA,NA,NA,NA,NA,NA
76784645-400a-4270-a0bb-f6ec5ffdd1e6,Litoria kroombitensis,Litoria kroombitensis,Litoria kroombitensis,0,,,,,NA,NA,NA,NA,NA,NA,NA,NA,NA
a5e58600-6659-4e52-84dd-7e95291191dc,Chiasmocleis papachibe,Chiasmocleis papachibe,Chiasmocleis papachibe,0,,,,,NA,NA,NA,NA,NA,NA,NA,NA,NA
36f6348c-342a-485d-b98d-46551e59b492,Hynobius amakusaensis,Hynobius amakusaensis,Hynobius amakusaensis,0,,,,,NA,NA,NA,NA,NA,NA,NA,NA,NA
35ecc674-cefb-4179-b119-7512ef96e748,Melanophryniscus setiba,Melanophryniscus setiba,Melanophryniscus setiba,0,,,,,NA,NA,NA,NA,NA,NA,NA,NA,NA
6cc166bd-e43c-4b65-a1d1-c9ef8dbb1860,Leptolalax tengchongensis,Leptolalax tengchongensis,Leptolalax tengchongensis,0,,,,,NA,NA,NA,NA,NA,NA,NA,NA,NA
95f44f04-d1b4-4336-bf97-e8c463fa6ca9,Xenophrys jinggangensis,Xenophrys jinggangensis,Xenophrys jinggangensis,0,,,,,NA,NA,NA,NA,NA,NA,NA,NA,NA
579cf185-7275-45fd-8279-d525b10316f8,Oreophryne curator,Oreophryne curator,Oreophryne curator,0,,,,,NA,NA,NA,NA,NA,NA,NA,NA,NA
96110c21-7069-476a-a75e-9e8a60f932ef,Hypsiboas alfaroi,Hypsiboas alfaroi,Hypsiboas alfaroi,0,,,,,NA,NA,NA,NA,NA,NA,NA,NA,NA
7b88ae66-a799-4ff9-8483-2ab9939ee154,Trachycephalus quadrangulum,Trachycephalus quadrangulum,Trachycephalus quadrangulum,0,,,,,NA,NA,NA,NA,NA,NA,NA,NA,NA
601d5089-dc12-4a84-a1aa-c8991ad81a17,Platypelis olgae,Platypelis olgae,Platypelis olgae,0,,,,,NA,NA,NA,NA,NA,NA,NA,NA,NA
a62ee672-4374-45a2-bd34-a224fc3e9929,Xenophrys obesa,Xenophrys obesa,Xenophrys obesa,0,,,,,NA,NA,NA,NA,NA,NA,NA,NA,NA
c23bc9e8-c7f2-43ab-944c-9c46df132c97,Choerophryne epirrhina,Choerophryne epirrhina,Choerophryne epirrhina,0,,,,,NA,NA,NA,NA,NA,NA,NA,NA,NA
107752f6-4777-4e69-a788-e3a4e428a5d5,Psychrophrynella teqta,Psychrophrynella teqta,Psychrophrynella teqta,0,,,,,NA,NA,NA,NA,NA,NA,NA,NA,NA
98286f45-8684-4b4c-b6e6-6773e5e225ad,Brachycephalus fuscolineatus,Brachycephalus fuscolineatus,Brachycephalus fuscolineatus,0,,,,,NA,NA,NA,NA,NA,NA,NA,NA,NA
e699a993-c616-4e05-b28d-c85cbc74e697,Micrixalus kodayari,Micrixalus kodayari,Micrixalus kodayari,0,,,,,NA,NA,NA,NA,NA,NA,NA,NA,NA
29e6e3ac-6872-4e9c-bf7c-3286a9542260,Xenorhina brachyrhyncha,Xenorhina brachyrhyncha,Xenorhina brachyrhyncha,0,,,,,NA,NA,NA,NA,NA,NA,NA,NA,NA
d6e6e1b7-50c1-46b6-b3ac-81f15e8fe3a0,Pristimantis conservatio,Pristimantis conservatio,Pristimantis conservatio,0,,,,,NA,NA,NA,NA,NA,NA,NA,NA,NA
be8a7bd5-f3ec-4663-beaa-ec5d1efee87f,Allobates bacurau,Allobates bacurau,Allobates bacurau,0,,,,,NA,NA,NA,NA,NA,NA,NA,NA,NA
73e968bb-b930-41f5-aa96-8f58dd997d84,Noblella madreselva,Noblella madreselva,Noblella madreselva,0,,,,,NA,NA,NA,NA,NA,NA,NA,NA,NA
57193382-cb1f-4826-885e-87d3308b0f2e,Allophryne relicta,Allophryne relicta,Allophryne relicta,0,,,,,NA,NA,NA,NA,NA,NA,NA,NA,NA
b806bfa8-fad9-4196-b538-729e50e9fe4c,Micrixalus kurichiyari,Micrixalus kurichiyari,Micrixalus kurichiyari,0,,,,,NA,NA,NA,NA,NA,NA,NA,NA,NA
a546356a-bcc6-41cd-be98-d46b596cb231,Bolitoglossa leandrae,Bolitoglossa leandrae,Bolitoglossa leandrae,0,,,,,NA,NA,NA,NA,NA,NA,NA,NA,NA
687ac50e-0314-4549-92e9-c42aa5455648,Leptolalax maculosus,Leptolalax maculosus,Leptolalax maculosus,0,,,,,NA,NA,NA,NA,NA,NA,NA,NA,NA
98dc04cd-7729-499c-8420-b5d6b69bada2,Alsodes cantillanensis,Alsodes cantillanensis,Alsodes cantillanensis,0,,,,,NA,NA,NA,NA,NA,NA,NA,NA,NA
a9767dd6-5b34-4c17-8214-d5dadea7f302,Pristimantis cedros,Pristimantis cedros,Pristimantis cedros,0,,,,,NA,NA,NA,NA,NA,NA,NA,NA,NA
04eb6d8c-888e-47ee-a1b4-a3d128789937,Pristimantis almendariz,Pristimantis almendariz,Pristimantis almendariz,0,,,,,NA,NA,NA,NA,NA,NA,NA,NA,NA
8f3006d4-cec3-403d-90ab-c28307b2fb8d,Pristimantis stictus,Pristimantis stictus,Pristimantis stictus,0,,,,,NA,NA,NA,NA,NA,NA,NA,NA,NA
283a4767-578e-4e64-b573-bb127810708c,Incilius aurarius,Incilius aurarius,Incilius aurarius,0,,,,,NA,NA,NA,NA,NA,NA,NA,NA,NA
ec44112d-7d58-4d6c-b42f-cc234dd4d1ca,Cophixalus pictus,Cophixalus pictus,Cophixalus pictus,0,,,,,NA,NA,NA,NA,NA,NA,NA,NA,NA
4c61ec0e-e10b-4bca-95bd-7b20b2bd4632,Crossodactylus timbuhy,Crossodactylus timbuhy,Crossodactylus timbuhy,0,,,,,NA,NA,NA,NA,NA,NA,NA,NA,NA
e7c52fc0-0628-4f35-b87d-fcc3dd43d38b,Vitreorana baliomma,Vitreorana baliomma,Vitreorana baliomma,0,,,,,NA,NA,NA,NA,NA,NA,NA,NA,NA
ce09d2e2-3d00-4ab7-8402-d6d8712cbb33,Oreophryne cameroni,Oreophryne cameroni,Oreophryne cameroni,0,,,,,NA,NA,NA,NA,NA,NA,NA,NA,NA
d85dd91d-3f86-4f7a-abc5-3bad14eb2307,Leptolalax pallidus,Leptolalax pallidus,Leptolalax pallidus,0,,,,,NA,NA,NA,NA,NA,NA,NA,NA,NA
ff3f7875-cee5-44d8-b88a-6a37ecf7f33e,Kaloula nonggangensis,Kaloula nonggangensis,Kaloula nonggangensis,0,,,,,NA,NA,NA,NA,NA,NA,NA,NA,NA
75bc56fa-c9b5-46d8-98c1-26c280eb4e3b,Hyloscirtus diabolus,Hyloscirtus diabolus,Hyloscirtus diabolus,0,,,,,NA,NA,NA,NA,NA,NA,NA,NA,NA
1eb1e03b-d690-49fb-a2f6-c84fb6b29095,Proceratophrys carranca,Proceratophrys carranca,Proceratophrys carranca,0,,,,,NA,NA,NA,NA,NA,NA,NA,NA,NA
dd6e28eb-6eae-4d62-9605-c7315254ffbc,Nyctimystes calcaratus,Nyctimystes calcaratus,Nyctimystes calcaratus,0,,,,,NA,NA,NA,NA,NA,NA,NA,NA,NA
1bfdc6e6-4b1a-4af1-a308-fe87afcfb533,Craugastor gabbi,Craugastor gabbi,Craugastor gabbi,0,,,,,NA,NA,NA,NA,NA,NA,NA,NA,NA
a4b60220-3f40-421a-8bc1-ed8ded4481ca,Batrachuperus taibaiensis,Batrachuperus taibaiensis,Batrachuperus taibaiensis,1,Name cluster ddce9e85-1536-4d39-8ac6-abd87c28c453 containing 'Batrachuperus taibaiensis' found between (none) in 1 timepoints,,,,NA,NA,Batrachuperus taibaiensis,NA,208514,"Batrachuperus taibaiensis Song, Zeng, Wu, Liu and Fu, 2001",668201,Species,valid
d0da0adc-1460-41c2-9151-4b42d9b8fc1b,Cacosternum aggestum,Cacosternum aggestum,Cacosternum aggestum,0,,,,,NA,NA,NA,NA,NA,NA,NA,NA,NA
9e1cad2a-c85a-4a58-8059-8019d1dd0e09,Psychrophrynella colla,Psychrophrynella colla,Psychrophrynella colla,0,,,,,NA,NA,NA,NA,NA,NA,NA,NA,NA
6212efde-e930-49da-b17e-1d8a7bd1aee6,Silverstoneia gutturalis,Silverstoneia gutturalis,Silverstoneia gutturalis,0,,,,,NA,NA,NA,NA,NA,NA,NA,NA,NA
bba3b317-4650-482d-80f0-dea18c1937fb,Eleutherodactylus neiba,Eleutherodactylus neiba,Eleutherodactylus neiba,0,,,,,NA,NA,NA,NA,NA,NA,NA,NA,NA
83be554d-b514-44c7-adbf-2c4d67a09861,Holoaden suarezi,Holoaden suarezi,Holoaden suarezi,0,,,,,NA,NA,NA,NA,NA,NA,NA,NA,NA
1a42f6d2-7957-4a93-8d4b-b94b11368df1,Myersiohyla neblinaria,Myersiohyla neblinaria,Myersiohyla neblinaria,0,,,,,NA,NA,NA,NA,NA,NA,NA,NA,NA
8b25739e-d40b-4be8-882b-d7eaa79bd9ff,Elachistocleis haroi,Elachistocleis haroi,Elachistocleis haroi,0,,,,,NA,NA,NA,NA,NA,NA,NA,NA,NA
0ee7c0e5-47ab-468b-9439-18f3013f9153,Micrixalus mallani,Micrixalus mallani,Micrixalus mallani,0,,,,,NA,NA,NA,NA,NA,NA,NA,NA,NA
0ee7cc8a-0f94-4eeb-9bc2-2382bafe941b,Phrynobatrachus mayokoensis,Phrynobatrachus mayokoensis,Phrynobatrachus mayokoensis,0,,,,,NA,NA,NA,NA,NA,NA,NA,NA,NA
916540cd-f520-4785-a6dc-c66244c37913,Ghatixalus magnus,Ghatixalus magnus,Ghatixalus magnus,0,,,,,NA,NA,NA,NA,NA,NA,NA,NA,NA
ee970516-608b-4aaf-927c-782364bf44bf,Kurixalus berylliniris,Kurixalus berylliniris,Kurixalus berylliniris,0,,,,,NA,NA,NA,NA,NA,NA,NA,NA,NA
a8db0294-4923-41af-93f2-6ff79141b1cd,Leptobrachella juliandringi,Leptobrachella juliandringi,Leptobrachella juliandringi,0,,,,,NA,NA,NA,NA,NA,NA,NA,NA,NA
d884c65b-cfaf-4f26-addd-aaa6f69a579d,Scinax caissara,Scinax caissara,Scinax caissara,0,,,,,NA,NA,NA,NA,NA,NA,NA,NA,NA
7f688087-c35c-4e11-b0fb-30e50a4c1e94,Proceratophrys branti,Proceratophrys branti,Proceratophrys branti,0,,,,,NA,NA,NA,NA,NA,NA,NA,NA,NA
edf1e7a5-2a67-4fa5-9562-1020c4b81e76,Micrixalus candidus,Micrixalus candidus,Micrixalus candidus,0,,,,,NA,NA,NA,NA,NA,NA,NA,NA,NA
a892861d-8dde-453c-8e07-4791c0cd3caf,Eurycea subfluvicola,Eurycea subfluvicola,Eurycea subfluvicola,0,,,,,NA,NA,NA,NA,NA,NA,NA,NA,NA
e36a0a10-cba7-441d-b5d1-d57bfdbf427b,Amietia hymenopus,Amietia hymenopus,Amietia hymenopus,0,,,,,NA,NA,NA,NA,NA,NA,NA,NA,NA
072a10ae-2706-46fe-89a0-c360047d77ea,Cornufer citrinospilus,Cornufer citrinospilus,Cornufer citrinospilus,0,,,,,NA,NA,NA,NA,NA,NA,NA,NA,NA
c93d83f8-760a-4488-aad7-cad650b341fb,Oreolalax sterlingae,Oreolalax sterlingae,Oreolalax sterlingae,0,,,,,NA,NA,NA,NA,NA,NA,NA,NA,NA
8c67f14c-4c75-4749-9ce3-2b826d033d3e,Pristimantis ardyae,Pristimantis ardyae,Pristimantis ardyae,0,,,,,NA,NA,NA,NA,NA,NA,NA,NA,NA
076846ad-3495-4451-a5e0-cf66acaa83ba,Thorius pinicola,Thorius pinicola,Thorius pinicola,0,,,,,NA,NA,NA,NA,NA,NA,NA,NA,NA
818b36dc-952a-46fa-bd0a-ac2893b177a8,Onychodactylus fuscus,Onychodactylus fuscus,Onychodactylus fuscus,0,,,,,NA,NA,NA,NA,NA,NA,NA,NA,NA
3071ad5d-2af7-4e26-a2b9-550df184aa17,Limnonectes nguyenorum,Limnonectes nguyenorum,Limnonectes nguyenorum,0,,,,,NA,NA,NA,NA,NA,NA,NA,NA,NA
bb3344a1-00bb-45e5-be88-848db396e207,Ichthyophis cardamomensis,Ichthyophis cardamomensis,Ichthyophis cardamomensis,0,,,,,NA,NA,NA,NA,NA,NA,NA,NA,NA
53d2a432-1082-40ff-aadb-97d42b224a1f,Stereocyclops palmipes,Stereocyclops palmipes,Stereocyclops palmipes,0,,,,,NA,NA,NA,NA,NA,NA,NA,NA,NA
38fe78cb-a289-4114-9d60-c36f2e60fd6c,Amazophrynella matses,Amazophrynella matses,Amazophrynella matses,0,,,,,NA,NA,NA,NA,NA,NA,NA,NA,NA
b477393e-3140-4c07-8b58-47affd4faf58,Cacosternum rhythmum,Cacosternum rhythmum,Cacosternum rhythmum,0,,,,,NA,NA,NA,NA,NA,NA,NA,NA,NA
d5b77d2e-a7a5-46ca-8923-20801a3c675b,Pristimantis enigmaticus,Pristimantis enigmaticus,Pristimantis enigmaticus,0,,,,,NA,NA,NA,NA,NA,NA,NA,NA,NA
89feb188-d632-48ef-a861-1e79c3bac2d2,Pristimantis roni,Pristimantis roni,Pristimantis roni,0,,,,,NA,NA,NA,NA,NA,NA,NA,NA,NA
24debe36-82c4-4e6e-bf26-566fd6480f7e,Thorius maxillabrochus,Thorius maxillabrochus,Thorius maxillabrochus,1,Name cluster 9e74b8ac-eac1-45cc-b509-1a9c1c57095d containing 'Thorius maxillabrochus' found between (none) in 1 timepoints,,,,NA,NA,Thorius maxillabrochus,208479,NA,"Thorius maxillabrochus Gehlbach, 1959",208474,Species,invalid
9f94f2ad-a115-48e4-a233-b6e6c78b4418,Xenophrys latidactyla,Xenophrys latidactyla,Xenophrys latidactyla,0,,,,,NA,NA,NA,NA,NA,NA,NA,NA,NA
93ed3b37-c5e1-4cc6-bb8f-b72d0f83bb1d,Hylophorbus sigridae,Hylophorbus sigridae,Hylophorbus sigridae,0,,,,,NA,NA,NA,NA,NA,NA,NA,NA,NA
e2684558-e5a0-491f-a137-508e6104f725,Rana kauffeldi,Rana kauffeldi,Rana kauffeldi,0,,,,,NA,NA,NA,NA,NA,NA,NA,NA,NA
5154aadb-435d-486f-ae2b-4dbbbb9e23e7,Hypsiboas almendarizae,Hypsiboas almendarizae,Hypsiboas almendarizae,0,,,,,NA,NA,NA,NA,NA,NA,NA,NA,NA
89862cd9-b724-434d-ac43-45d6b8b214ce,Polypedates discantus,Polypedates discantus,Polypedates discantus,0,,,,,NA,NA,NA,NA,NA,NA,NA,NA,NA
31fefdde-9145-4c0b-903a-c992e1decd9e,Pristimantis kuri,Pristimantis kuri,Pristimantis kuri,0,,,,,NA,NA,NA,NA,NA,NA,NA,NA,NA
edfca09c-bda2-4bab-85ad-7d785cd13232,Pristimantis gryllus,Pristimantis gryllus,Pristimantis gryllus,0,,,,,NA,NA,NA,NA,NA,NA,NA,NA,NA
fade35e1-9eb6-43b3-a91b-4d2ecc2637a1,Indirana chiravasi,Indirana chiravasi,Indirana chiravasi,0,,,,,NA,NA,NA,NA,NA,NA,NA,NA,NA
fdbd2f6d-f8f2-4018-b6a7-51bf3de44fa1,Rhombophryne tany,Rhombophryne tany,Rhombophryne tany,0,,,,,NA,NA,NA,NA,NA,NA,NA,NA,NA
4291850c-3f17-4236-bf56-2c2b33c6e06f,Theloderma vietnamense,Theloderma vietnamense,Theloderma vietnamense,0,,,,,NA,NA,NA,NA,NA,NA,NA,NA,NA
c57d9902-d4d3-48b3-a4d7-a56c436afe1b,Crossodactylodes itambe,Crossodactylodes itambe,Crossodactylodes itambe,0,,,,,NA,NA,NA,NA,NA,NA,NA,NA,NA
33c64153-e8b0-4318-a192-b2eff72c8104,Ischnocnema nanahallux,Ischnocnema nanahallux,Ischnocnema nanahallux,0,,,,,NA,NA,NA,NA,NA,NA,NA,NA,NA
65197077-c6e1-42e4-8442-459c0a073bdd,Amietia moyerorum,Amietia moyerorum,Amietia moyerorum,0,,,,,NA,NA,NA,NA,NA,NA,NA,NA,NA
87f0dc86-d3c8-4f53-ae76-dbcf47c50c20,Tepuihyla shushupe,Tepuihyla shushupe,Tepuihyla shushupe,0,,,,,NA,NA,NA,NA,NA,NA,NA,NA,NA
f92c405d-2310-4781-bb32-36d0f86013cc,Rhacophorus borneensis,Rhacophorus borneensis,Rhacophorus borneensis,0,,,,,NA,NA,NA,NA,NA,NA,NA,NA,NA
494910cb-435f-4603-a723-4db6cb81fcda,Liuixalus feii,Liuixalus feii,Liuixalus feii,0,,,,,NA,NA,NA,NA,NA,NA,NA,NA,NA
6370a6a6-b50f-40aa-a2ae-807ea40e23be,Nymphargus sucre,Nymphargus sucre,Nymphargus sucre,0,,,,,NA,NA,NA,NA,NA,NA,NA,NA,NA
60a1dc5d-92ca-4109-b5ce-9374685fb812,Micrixalus specca,Micrixalus specca,Micrixalus specca,0,,,,,NA,NA,NA,NA,NA,NA,NA,NA,NA
51aa1d2e-6f79-4209-b349-a7477f9f039f,Ptychadena nilotica,Ptychadena nilotica,Ptychadena nilotica,0,,,,,NA,NA,NA,NA,NA,NA,NA,NA,NA
efe55693-41c2-48b1-b376-d240bd45af0f,Pristimantis mindo,Pristimantis mindo,Pristimantis mindo,0,,,,,NA,NA,NA,NA,NA,NA,NA,NA,NA
0d3868d5-6877-489c-8882-6d025d04b640,Rhinella gildae,Rhinella gildae,Rhinella gildae,0,,,,,NA,NA,NA,NA,NA,NA,NA,NA,NA
86435f4d-9b3a-46c8-a652-20e9e8170e8e,Cophixalus petrophilus,Cophixalus petrophilus,Cophixalus petrophilus,0,,,,,NA,NA,NA,NA,NA,NA,NA,NA,NA
3d46eeab-8dee-4ca7-97dd-80c640587d2a,Kalophrynus barioensis,Kalophrynus barioensis,Kalophrynus barioensis,0,,,,,NA,NA,NA,NA,NA,NA,NA,NA,NA
b1276073-a41c-4a93-ae12-aed7dab2b0df,Trachycephalus macrotis,Trachycephalus macrotis,Trachycephalus macrotis,0,,,,,NA,NA,NA,NA,NA,NA,NA,NA,NA
d6319754-c071-4fca-b283-8f5d490673fc,Guibemantis diphonus,Guibemantis diphonus,Guibemantis diphonus,0,,,,,NA,NA,NA,NA,NA,NA,NA,NA,NA
c844705e-33b4-4c18-86a4-77bd176f7861,Kalophrynus sinensis,Kalophrynus sinensis,Kalophrynus sinensis,0,,,,,NA,NA,NA,NA,NA,NA,NA,NA,NA
4933e921-8c9b-4605-bced-45092e4dabdb,Indosylvirana doni,Indosylvirana doni,Indosylvirana doni,0,,,,,NA,NA,NA,NA,NA,NA,NA,NA,NA
a467fdee-55ce-4295-8a7e-3f927d4fbd15,Limnonectes lauhachindai,Limnonectes lauhachindai,Limnonectes lauhachindai,0,,,,,NA,NA,NA,NA,NA,NA,NA,NA,NA
6a0696db-63d2-4f4e-b18a-382840c7097f,Tylototriton anguliceps,Tylototriton anguliceps,Tylototriton anguliceps,0,,,,,NA,NA,NA,NA,NA,NA,NA,NA,NA
ca6ae1e1-f216-4257-abff-ec2f6ce7d820,Gastrotheca megacephala,Gastrotheca megacephala,Gastrotheca megacephala,0,,,,,NA,NA,NA,NA,NA,NA,NA,NA,NA
d4b6c392-6997-4a28-b467-d85ed190d831,Scaphiophryne matsoko,Scaphiophryne matsoko,Scaphiophryne matsoko,0,,,,,NA,NA,NA,NA,NA,NA,NA,NA,NA
4bc82c35-b050-4253-a046-9f3ea4d074eb,Copiula annanoreenae,Copiula annanoreenae,Copiula annanoreenae,0,,,,,NA,NA,NA,NA,NA,NA,NA,NA,NA
0a3167e3-7009-481d-a2b2-2b2bfba18f9b,Pulchrana centropeninsularis,Pulchrana centropeninsularis,Pulchrana centropeninsularis,0,,,,,NA,NA,NA,NA,NA,NA,NA,NA,NA
5b3ae6cf-552b-4ea5-9c1b-8b6574d5b60e,Brachycephalus margaritatus,Brachycephalus margaritatus,Brachycephalus margaritatus,0,,,,,NA,NA,NA,NA,NA,NA,NA,NA,NA
34ce3a41-bcd2-46cb-8199-eec0769c43f2,Pristimantis iiap,Pristimantis iiap,Pristimantis iiap,0,,,,,NA,NA,NA,NA,NA,NA,NA,NA,NA
bd6c0162-bbb8-443b-b836-03e3ea82ba4c,Pristimantis mutabilis,Pristimantis mutabilis,Pristimantis mutabilis,0,,,,,NA,NA,NA,NA,NA,NA,NA,NA,NA
bbdc31bf-1814-4728-a5aa-667359485fb8,Pristimantis prometeii,Pristimantis prometeii,Pristimantis prometeii,0,,,,,NA,NA,NA,NA,NA,NA,NA,NA,NA
89110dc6-9a6b-47b4-ae75-abe26171b97a,Kaloula latidisca,Kaloula latidisca,Kaloula latidisca,0,,,,,NA,NA,NA,NA,NA,NA,NA,NA,NA
667eef54-1afc-4fc4-9301-658781221206,Xenopus mellotropicalis,Xenopus mellotropicalis,Xenopus mellotropicalis,0,,,,,NA,NA,NA,NA,NA,NA,NA,NA,NA
9642feb1-dd63-4e0a-9c2c-c9e99b5665b6,Rhombophryne vaventy,Rhombophryne vaventy,Rhombophryne vaventy,0,,,,,NA,NA,NA,NA,NA,NA,NA,NA,NA
5bbd7237-b463-4d64-980a-7e2aacbe55c7,Rhinella paraguas,Rhinella paraguas,Rhinella paraguas,0,,,,,NA,NA,NA,NA,NA,NA,NA,NA,NA
c6a3d5f8-cae4-4197-84c7-177cc905889d,Leptolalax sabahmontanus,Leptolalax sabahmontanus,Leptolalax sabahmontanus,0,,,,,NA,NA,NA,NA,NA,NA,NA,NA,NA
51db032e-1361-468a-be8f-9331fadc88f2,Leptolalax laui,Leptolalax laui,Leptolalax laui,0,,,,,NA,NA,NA,NA,NA,NA,NA,NA,NA
bd9fa5fd-6973-4b4e-a008-c16491f0b8ac,Limnonectes hikidai,Limnonectes hikidai,Limnonectes hikidai,0,,,,,NA,NA,NA,NA,NA,NA,NA,NA,NA
15fa952e-1e36-421f-9050-c91540e5ca29,Lissotriton kosswigi,Lissotriton kosswigi,Lissotriton kosswigi,0,,,,,NA,NA,NA,NA,NA,NA,NA,NA,NA
0a7d3b5b-45f2-4066-8b82-5af8969698cf,Indirana salelkari,Indirana salelkari,Indirana salelkari,0,,,,,NA,NA,NA,NA,NA,NA,NA,NA,NA
7109cb45-fb4b-4cbc-94c6-c823a236a397,Polypedates pseudotilophus,Polypedates pseudotilophus,Polypedates pseudotilophus,0,,,,,NA,NA,NA,NA,NA,NA,NA,NA,NA
571e7779-faca-4327-a901-d25cca753d4c,Raorchestes flaviocularis,Raorchestes flaviocularis,Raorchestes flaviocularis,0,,,,,NA,NA,NA,NA,NA,NA,NA,NA,NA
eda19c5e-f643-4f9b-a1af-8486a9036d9a,Crossodactylus boulengeri,Crossodactylus boulengeri,Crossodactylus boulengeri,0,,,,,NA,NA,NA,NA,NA,NA,NA,NA,NA
7d56a7d4-35b3-48b6-b197-bccf177f61ac,Oreophryne penelopeia,Oreophryne penelopeia,Oreophryne penelopeia,0,,,,,NA,NA,NA,NA,NA,NA,NA,NA,NA
2477f13f-fa1d-4a82-bfd7-ad5cea1153d6,Cacosternum thorini,Cacosternum thorini,Cacosternum thorini,0,,,,,NA,NA,NA,NA,NA,NA,NA,NA,NA
46b89c50-867e-42b4-9b68-84c924675d15,Pristimantis farisorum,Pristimantis farisorum,Pristimantis farisorum,0,,,,,NA,NA,NA,NA,NA,NA,NA,NA,NA
a5c8a6b9-d4dd-4867-a16e-a5ced75fb7a2,Ichthyophis lakimi,Ichthyophis lakimi,Ichthyophis lakimi,0,,,,,NA,NA,NA,NA,NA,NA,NA,NA,NA
66b740a4-219d-4fda-88ff-ead449c3a62b,Pristimantis pinchaque,Pristimantis pinchaque,Pristimantis pinchaque,0,,,,,NA,NA,NA,NA,NA,NA,NA,NA,NA
c56c89f4-e49d-472c-96e6-3c52a97d6d84,Eleutherodactylus grunwaldi,Eleutherodactylus grunwaldi,Eleutherodactylus grunwaldi,0,,,,,NA,NA,NA,NA,NA,NA,NA,NA,NA
c7d71108-b615-46d3-a3d2-2500725d6be7,Hynobius osumiensis,Hynobius osumiensis,Hynobius osumiensis,0,,,,,NA,NA,NA,NA,NA,NA,NA,NA,NA
6a1a8f36-3f1b-47f6-bc6d-8bfaf0d8e874,Microcaecilia dermatophaga,Microcaecilia dermatophaga,Microcaecilia dermatophaga,0,,,,,NA,NA,NA,NA,NA,NA,NA,NA,NA
85d3a40f-6c2e-4583-94c0-f7737853ea36,Gegeneophis tejaswini,Gegeneophis tejaswini,Gegeneophis tejaswini,0,,,,,NA,NA,NA,NA,NA,NA,NA,NA,NA
2c0750fc-4645-4425-a83f-1f8ec0ab0aab,Scinax haddadorum,Scinax haddadorum,Scinax haddadorum,0,,,,,NA,NA,NA,NA,NA,NA,NA,NA,NA
fffd39ac-6311-4eb2-b7c0-4899b7380f39,Microhyla darevskii,Microhyla darevskii,Microhyla darevskii,0,,,,,NA,NA,NA,NA,NA,NA,NA,NA,NA
2b9b4d9e-1d12-4433-a5cc-bfeae0115d1e,Microhyla mymensinghensis,Microhyla mymensinghensis,Microhyla mymensinghensis,0,,,,,NA,NA,NA,NA,NA,NA,NA,NA,NA
4b2f7dda-b6c8-4f76-a58c-4be8bde75ab0,Indosylvirana intermedia,Indosylvirana intermedia,Indosylvirana intermedia,0,,,,,NA,NA,NA,NA,NA,NA,NA,NA,NA
e4558782-7b83-4583-907f-0442875b75de,Uperoleia mahonyi,Uperoleia mahonyi,Uperoleia mahonyi,0,,,,,NA,NA,NA,NA,NA,NA,NA,NA,NA
32341726-65e0-4dca-96b6-2e66944989ee,Andinobates geminisae,Andinobates geminisae,Andinobates geminisae,0,,,,,NA,NA,NA,NA,NA,NA,NA,NA,NA
527042a2-df39-424e-a92b-68204ed1c5aa,Pristimantis limoncochensis,Pristimantis limoncochensis,Pristimantis limoncochensis,0,,,,,NA,NA,NA,NA,NA,NA,NA,NA,NA
a106bf2e-d5a1-471a-8394-640b353d61e2,Dendrophryniscus skuki,Dendrophryniscus skuki,Dendrophryniscus skuki,0,,,,,NA,NA,NA,NA,NA,NA,NA,NA,NA
46c63c24-2a88-454c-971a-d7b9346d6b01,Cochranella guayasamini,Cochranella guayasamini,Cochranella guayasamini,0,,,,,NA,NA,NA,NA,NA,NA,NA,NA,NA
2486ce78-bab5-4df5-8a16-b38aef1a0a40,Nyctimystes cryptochrysos,Nyctimystes cryptochrysos,Nyctimystes cryptochrysos,0,,,,,NA,NA,NA,NA,NA,NA,NA,NA,NA
0b407df2-a748-4bde-aed4-3b4a17d639e5,Pristimantis latericius,Pristimantis latericius,Pristimantis latericius,0,,,,,NA,NA,NA,NA,NA,NA,NA,NA,NA
04471403-5866-4ba9-b817-d157e8712b42,Oreophryne aurora,Oreophryne aurora,Oreophryne aurora,0,,,,,NA,NA,NA,NA,NA,NA,NA,NA,NA
d6a1c08e-d84c-4283-904b-686456cae4ad,Theloderma albopunctatum,Theloderma albopunctatum,Theloderma albopunctatum,0,,,,,NA,NA,NA,NA,NA,NA,NA,NA,NA
65a69918-0c81-40d8-8315-87d55823cf2c,Indosylvirana serendipi,Indosylvirana serendipi,Indosylvirana serendipi,0,,,,,NA,NA,NA,NA,NA,NA,NA,NA,NA
4d6326c4-93a6-46ca-8f0f-20c248154d35,Centrolene charapita,Centrolene charapita,Centrolene charapita,0,,,,,NA,NA,NA,NA,NA,NA,NA,NA,NA
13094f20-6613-4cab-aa00-e5119296be32,Xenopus kobeli,Xenopus kobeli,Xenopus kobeli,0,,,,,NA,NA,NA,NA,NA,NA,NA,NA,NA
dfbbf5de-5ff9-4fa6-bcaa-77f5c597ec27,Kurixalus wangi,Kurixalus wangi,Kurixalus wangi,0,,,,,NA,NA,NA,NA,NA,NA,NA,NA,NA
0430d854-41cc-423b-8c29-3253961fdfac,Xenopus calcaratus,Xenopus calcaratus,Xenopus calcaratus,0,,,,,NA,NA,NA,NA,NA,NA,NA,NA,NA
3fb97b93-0659-4f84-af58-0ad0b89f33dc,Raorchestes indigo,Raorchestes indigo,Raorchestes indigo,0,,,,,NA,NA,NA,NA,NA,NA,NA,NA,NA
6ab5edb3-64fc-45e2-b520-df8b60be5393,Gegeneophis orientalis,Gegeneophis orientalis,Gegeneophis orientalis,0,,,,,NA,NA,NA,NA,NA,NA,NA,NA,NA
2978dea5-5618-49e5-bd42-f457055bd54a,Adelophryne meridionalis,Adelophryne meridionalis,Adelophryne meridionalis,0,,,,,NA,NA,NA,NA,NA,NA,NA,NA,NA
0629df81-21cc-464f-b2ed-3a4377e2bc18,Xenopus parafraseri,Xenopus parafraseri,Xenopus parafraseri,0,,,,,NA,NA,NA,NA,NA,NA,NA,NA,NA
69d3b74d-f151-420a-8d66-da82da6cb742,Austrochaperina alexanderi,Austrochaperina alexanderi,Austrochaperina alexanderi,0,,,,,NA,NA,NA,NA,NA,NA,NA,NA,NA
bdcf89b9-ab45-40d9-8482-179621c3198c,Pristimantis pariagnomus,Pristimantis pariagnomus,Pristimantis pariagnomus,0,,,,,NA,NA,NA,NA,NA,NA,NA,NA,NA
42aec8d8-452f-4a6f-b9ea-6f8ff679be40,Oedipina capitalina,Oedipina capitalina,Oedipina capitalina,0,,,,,NA,NA,NA,NA,NA,NA,NA,NA,NA
6b88f791-b167-4f1f-9c17-0eba87233a59,Pristimantis pichincha,Pristimantis pichincha,Pristimantis pichincha,0,,,,,NA,NA,NA,NA,NA,NA,NA,NA,NA
e48fd25c-2408-45c4-a086-f58d3a9be4f4,Microhyla nilphamariensis,Microhyla nilphamariensis,Microhyla nilphamariensis,0,,,,,NA,NA,NA,NA,NA,NA,NA,NA,NA
a64d2afe-2f79-4d70-8939-17192eda1b72,Indirana tysoni,Indirana tysoni,Indirana tysoni,0,,,,,NA,NA,NA,NA,NA,NA,NA,NA,NA
32d4de21-81d5-4b03-8421-a3c665875f27,Triturus anatolicus,Triturus anatolicus,Triturus anatolicus,0,,,,,NA,NA,NA,NA,NA,NA,NA,NA,NA
08914753-e3f2-41bf-a42d-29d9ec9a1796,Rhacophorus bengkuluensis,Rhacophorus bengkuluensis,Rhacophorus bengkuluensis,0,,,,,NA,NA,NA,NA,NA,NA,NA,NA,NA
71d31e13-5123-4933-8e91-ce7404b3082b,Hypsiboas tetete,Hypsiboas tetete,Hypsiboas tetete,0,,,,,NA,NA,NA,NA,NA,NA,NA,NA,NA
5ad34579-bbb5-4209-9110-3e36da425d22,Allobates flaviventris,Allobates flaviventris,Allobates flaviventris,0,,,,,NA,NA,NA,NA,NA,NA,NA,NA,NA
fdaeb5b6-6697-46f1-9c43-e2883063480b,Oreophryne equus,Oreophryne equus,Oreophryne equus,0,,,,,NA,NA,NA,NA,NA,NA,NA,NA,NA
ffe9a302-8de3-4f6a-a936-31663316280c,Meristogenys penrissenensis,Meristogenys penrissenensis,Meristogenys penrissenensis,0,,,,,NA,NA,NA,NA,NA,NA,NA,NA,NA
552bdacb-ac27-437c-b4fb-7983ac3d9c6b,Brachytarsophrys popei,Brachytarsophrys popei,Brachytarsophrys popei,0,,,,,NA,NA,NA,NA,NA,NA,NA,NA,NA
9d98f035-b824-432b-82c4-b0ee97d44de5,Micrixalus nelliyampathi,Micrixalus nelliyampathi,Micrixalus nelliyampathi,0,,,,,NA,NA,NA,NA,NA,NA,NA,NA,NA
78d0a94e-0306-4710-8504-14b19f7a8056,Gracixalus nonggangensis,Gracixalus nonggangensis,Gracixalus nonggangensis,0,,,,,NA,NA,NA,NA,NA,NA,NA,NA,NA
c10336cf-f636-4381-a242-6fb23a7e9487,Ecnomiohyla veraguensis,Ecnomiohyla veraguensis,Ecnomiohyla veraguensis,0,,,,,NA,NA,NA,NA,NA,NA,NA,NA,NA
ec4addbd-93aa-45d1-b8b6-0e7148d5de6c,Pseudophilautus bambaradeniyai,Pseudophilautus bambaradeniyai,Pseudophilautus bambaradeniyai,0,,,,,NA,NA,NA,NA,NA,NA,NA,NA,NA
6aef5083-59dd-43bf-8367-973e2a44688c,Pseudopaludicola motorzinho,Pseudopaludicola motorzinho,Pseudopaludicola motorzinho,0,,,,,NA,NA,NA,NA,NA,NA,NA,NA,NA
964153bb-e3d0-4189-8d1a-08b015ceea1a,Pseudopaludicola hyleaustralis,Pseudopaludicola hyleaustralis,Pseudopaludicola hyleaustralis,0,,,,,NA,NA,NA,NA,NA,NA,NA,NA,NA
8609b723-fa2c-443e-88c1-b7a356a95471,Vitreorana franciscana,Vitreorana franciscana,Vitreorana franciscana,0,,,,,NA,NA,NA,NA,NA,NA,NA,NA,NA
701f724d-5022-4821-a859-42a501443a9b,Indosylvirana flavescens,Indosylvirana flavescens,Indosylvirana flavescens,0,,,,,NA,NA,NA,NA,NA,NA,NA,NA,NA
59b4003c-81f0-432d-8e0f-b4533149ede5,Chiasmocleis quilombola,Chiasmocleis quilombola,Chiasmocleis quilombola,0,,,,,NA,NA,NA,NA,NA,NA,NA,NA,NA
50970ef8-f566-4d24-9897-f9c747e4292d,Liuixalus shiwandashan,Liuixalus shiwandashan,Liuixalus shiwandashan,0,,,,,NA,NA,NA,NA,NA,NA,NA,NA,NA
052ef29b-eac2-42fa-8927-fd6c4d551fea,Phrynopus badius,Phrynopus badius,Phrynopus badius,0,,,,,NA,NA,NA,NA,NA,NA,NA,NA,NA
225d8ec5-e199-4e09-9ecf-25355bdf59e2,Brachycephalus crispus,Brachycephalus crispus,Brachycephalus crispus,0,,,,,NA,NA,NA,NA,NA,NA,NA,NA,NA
910c8e45-6823-4221-88b7-4a4ab8508fd6,Hyperolius lupiroensis,Hyperolius lupiroensis,Hyperolius lupiroensis,0,,,,,NA,NA,NA,NA,NA,NA,NA,NA,NA
6ebff7f6-26f5-4879-a8e4-6ebf31f192ef,Hyperolius friedemanni,Hyperolius friedemanni,Hyperolius friedemanni,0,,,,,NA,NA,NA,NA,NA,NA,NA,NA,NA
fdddd7ee-6c86-43f7-969e-94589b78ea94,Limnonectes larvaepartus,Limnonectes larvaepartus,Limnonectes larvaepartus,0,,,,,NA,NA,NA,NA,NA,NA,NA,NA,NA
7d1c2df3-d7d8-46f7-85da-0b2b9a84522e,Tepuihyla obscura,Tepuihyla obscura,Tepuihyla obscura,0,,,,,NA,NA,NA,NA,NA,NA,NA,NA,NA
9112e648-94bf-466e-90da-136758fbfb1b,Oreophryne gagneorum,Oreophryne gagneorum,Oreophryne gagneorum,0,,,,,NA,NA,NA,NA,NA,NA,NA,NA,NA
52189495-67da-4f15-ad82-e79ab4b3c46c,Allobates magnussoni,Allobates magnussoni,Allobates magnussoni,0,,,,,NA,NA,NA,NA,NA,NA,NA,NA,NA
0346955d-506b-48be-b208-2d07da8238e5,Proceratophrys bagnoi,Proceratophrys bagnoi,Proceratophrys bagnoi,0,,,,,NA,NA,NA,NA,NA,NA,NA,NA,NA
45e3df96-4934-4cdf-aa13-a00d0cd8140a,Brachycephalus olivaceus,Brachycephalus olivaceus,Brachycephalus olivaceus,0,,,,,NA,NA,NA,NA,NA,NA,NA,NA,NA
31cb5931-e8ca-4758-af37-7b4cd1dc2583,Tylototriton panhai,Tylototriton panhai,Tylototriton panhai,0,,,,,NA,NA,NA,NA,NA,NA,NA,NA,NA
3a88b15a-786e-4f70-a049-10ce8cd93546,Lissotriton lantzi,Lissotriton lantzi,Lissotriton lantzi,0,,,,,NA,NA,NA,NA,NA,NA,NA,NA,NA
be5c4c2a-659c-441c-ba8b-781fd8cfa5c7,Cornufer heffernani,Cornufer heffernani,Cornufer heffernani,0,,,,,NA,NA,NA,NA,NA,NA,NA,NA,NA
43ca578e-cb67-4fdc-af24-1612c6cf0e39,Micrixalus nigraventris,Micrixalus nigraventris,Micrixalus nigraventris,0,,,,,NA,NA,NA,NA,NA,NA,NA,NA,NA
332a3788-3a22-4da9-8672-ac58665916f1,Indirana duboisi,Indirana duboisi,Indirana duboisi,0,,,,,NA,NA,NA,NA,NA,NA,NA,NA,NA
e8afd723-8223-4b70-b3c2-d607c29066f9,Crossodactylus werneri,Crossodactylus werneri,Crossodactylus werneri,0,,,,,NA,NA,NA,NA,NA,NA,NA,NA,NA
78f82b66-e1d7-45fe-9a3a-bbdc21d644d4,Pseudopaludicola pocoto,Pseudopaludicola pocoto,Pseudopaludicola pocoto,0,,,,,NA,NA,NA,NA,NA,NA,NA,NA,NA
10d10101-062c-43fe-a136-4ec1c863d3ea,Proceratophrys huntingtoni,Proceratophrys huntingtoni,Proceratophrys huntingtoni,0,,,,,NA,NA,NA,NA,NA,NA,NA,NA,NA
873894f2-86c0-4017-9298-5639bf6a3dc2,Onychodactylus tsukubaensis,Onychodactylus tsukubaensis,Onychodactylus tsukubaensis,0,,,,,NA,NA,NA,NA,NA,NA,NA,NA,NA
705c64bd-d312-4134-be42-ba1990981ae9,Chiasmocleis royi,Chiasmocleis royi,Chiasmocleis royi,0,,,,,NA,NA,NA,NA,NA,NA,NA,NA,NA
82238f78-a7aa-4b38-8e75-5d33f8c63203,Eleutherodactylus beguei,Eleutherodactylus beguei,Eleutherodactylus beguei,0,,,,,NA,NA,NA,NA,NA,NA,NA,NA,NA
6d897456-b080-4cd3-a8e0-c4a32cc9efec,Andinobates cassidyhornae,Andinobates cassidyhornae,Andinobates cassidyhornae,0,,,,,NA,NA,NA,NA,NA,NA,NA,NA,NA
b1c667b9-e2df-4244-bc7f-44d68cfd1ada,Cryptotriton necopinus,Cryptotriton necopinus,Cryptotriton necopinus,0,,,,,NA,NA,NA,NA,NA,NA,NA,NA,NA
7448f3f0-548d-4e6f-9546-ce5c335be834,Silverstoneia dalyi,Silverstoneia dalyi,Silverstoneia dalyi,0,,,,,NA,NA,NA,NA,NA,NA,NA,NA,NA
707fb038-acaa-4c99-814e-3ce58812ee7c,Melanophryniscus milanoi,Melanophryniscus milanoi,Melanophryniscus milanoi,0,,,,,NA,NA,NA,NA,NA,NA,NA,NA,NA
5a029145-6d45-43d8-a269-a2ce5e6a3053,Chiropterotriton miquihuanus,Chiropterotriton miquihuanus,Chiropterotriton miquihuanus,0,,,,,NA,NA,NA,NA,NA,NA,NA,NA,NA
0383bd04-04d3-4f10-b821-dc72070d9d63,Pachytriton wuguanfui,Pachytriton wuguanfui,Pachytriton wuguanfui,0,,,,,NA,NA,NA,NA,NA,NA,NA,NA,NA
d583940e-9454-4cc6-b2da-59a51dc62e1d,Brachycephalus auroguttatus,Brachycephalus auroguttatus,Brachycephalus auroguttatus,0,,,,,NA,NA,NA,NA,NA,NA,NA,NA,NA
7d380c31-c73e-46d2-9f3b-abf411af9b1b,Pseudopaludicola ameghini,Pseudopaludicola ameghini,Pseudopaludicola ameghini,0,,,,,NA,NA,NA,NA,NA,NA,NA,NA,NA
b36d0817-8db3-4e6f-a0a6-4d09c0ed9886,Indirana yadera,Indirana yadera,Indirana yadera,0,,,,,NA,NA,NA,NA,NA,NA,NA,NA,NA
ae3a0791-9554-4bf3-858d-074f5d153785,Cophixalus nexipus,Cophixalus nexipus,Cophixalus nexipus,0,,,,,NA,NA,NA,NA,NA,NA,NA,NA,NA
496911a8-425e-432c-98ef-e569538c856e,Trachycephalus cunauaru,Trachycephalus cunauaru,Trachycephalus cunauaru,0,,,,,NA,NA,NA,NA,NA,NA,NA,NA,NA
9316b804-f48e-403d-ae31-771ff51cef3b,Hyperolius howelli,Hyperolius howelli,Hyperolius howelli,0,,,,,NA,NA,NA,NA,NA,NA,NA,NA,NA
1c20505f-2b12-4fbe-bc0b-9628875f2a8f,Silverstoneia minima,Silverstoneia minima,Silverstoneia minima,0,,,,,NA,NA,NA,NA,NA,NA,NA,NA,NA
97498526-9e68-428d-a8a3-71e0f07317d0,Liuixalus hainanus,Liuixalus hainanus,Liuixalus hainanus,0,,,,,NA,NA,NA,NA,NA,NA,NA,NA,NA
30a0f947-ff51-43a3-9caf-f590d30a995b,Lynchius oblitus,Lynchius oblitus,Lynchius oblitus,0,,,,,NA,NA,NA,NA,NA,NA,NA,NA,NA
7b9cb249-1af2-4459-8bce-bf007823aa6c,Pristimantis pharangobates,Pristimantis pharangobates,Pristimantis pharangobates,0,,,,,NA,NA,NA,NA,NA,NA,NA,NA,NA
0e6a5212-0b51-42b3-88fd-7f5c1550cb96,Proceratophrys rotundipalpebra,Proceratophrys rotundipalpebra,Proceratophrys rotundipalpebra,0,,,,,NA,NA,NA,NA,NA,NA,NA,NA,NA
106e570c-8e1c-4136-907f-6b8e3221c1c8,Indosylvirana caesari,Indosylvirana caesari,Indosylvirana caesari,0,,,,,NA,NA,NA,NA,NA,NA,NA,NA,NA
0ef225d4-8a77-43ba-ad62-e8a53d7604af,Cacosternum nanogularum,Cacosternum nanogularum,Cacosternum nanogularum,0,,,,,NA,NA,NA,NA,NA,NA,NA,NA,NA
cf39d777-38d4-4f4c-8da9-97ae82b04f0f,Crossodactylodes septentrionalis,Crossodactylodes septentrionalis,Crossodactylodes septentrionalis,0,,,,,NA,NA,NA,NA,NA,NA,NA,NA,NA
f4d9e652-7d2f-4dc7-8048-31ddf0565960,Chikila darlong,Chikila darlong,Chikila darlong,0,,,,,NA,NA,NA,NA,NA,NA,NA,NA,NA
76f32df4-3880-4451-bd69-03ac26dd656c,Proceratophrys dibernardoi,Proceratophrys dibernardoi,Proceratophrys dibernardoi,0,,,,,NA,NA,NA,NA,NA,NA,NA,NA,NA
9465853f-3f81-4d93-b719-fbe7d4b40eaf,Pristimantis urani,Pristimantis urani,Pristimantis urani,0,,,,,NA,NA,NA,NA,NA,NA,NA,NA,NA
c450c731-6db5-46f0-b219-a4e3a78822a0,Eleutherodactylus ligiae,Eleutherodactylus ligiae,Eleutherodactylus ligiae,0,,,,,NA,NA,NA,NA,NA,NA,NA,NA,NA
758cd34e-af0c-4589-ae27-6288cc74759c,Proceratophrys caramaschii,Proceratophrys caramaschii,Proceratophrys caramaschii,0,,,,,NA,NA,NA,NA,NA,NA,NA,NA,NA
3b754e08-ea82-4513-a015-4e58262603ea,Pristimantis punzan,Pristimantis punzan,Pristimantis punzan,0,,,,,NA,NA,NA,NA,NA,NA,NA,NA,NA
e4b3af5c-59d8-42a9-9f05-479550c1ed3d,Cophyla puellarum,Cophyla puellarum,Cophyla puellarum,0,,,,,NA,NA,NA,NA,NA,NA,NA,NA,NA
17599e6b-c660-445c-b058-ce0d6f091c57,Scutiger spinosus,Scutiger spinosus,Scutiger spinosus,0,,,,,NA,NA,NA,NA,NA,NA,NA,NA,NA
a8c536e1-b981-4550-a6f5-6a111aef7766,Ptychadena boettgeri,Ptychadena boettgeri,Ptychadena boettgeri,1,Name cluster fe5e42ce-7e18-43c1-ad85-0c9a520bb9ff containing 'Ptychadena boettgeri' found between (none) in 1 timepoints,,,,NA,NA,Ptychadena boettgeri,NA,661534,"Ptychadena boettgeri (Pfeffer, 1893)",774939,Species,valid
89487d2a-0cec-4df6-8ecf-9e5f0ce95cc0,Anomaloglossus apiau,Anomaloglossus apiau,Anomaloglossus apiau,0,,,,,NA,NA,NA,NA,NA,NA,NA,NA,NA
fa44c8b4-3b36-4f8c-80fc-01ea61a5f961,Cacosternum parvum,Cacosternum parvum,Cacosternum parvum,0,,,,,NA,NA,NA,NA,NA,NA,NA,NA,NA
db6af101-6512-43c7-9be3-4ea8a590131c,Psychrophrynella melanocheira,Psychrophrynella melanocheira,Psychrophrynella melanocheira,0,,,,,NA,NA,NA,NA,NA,NA,NA,NA,NA
206b9433-42f4-4d7c-9bf7-7291c61d44c0,Xenopus poweri,Xenopus poweri,Xenopus poweri,0,,,,,NA,NA,NA,NA,NA,NA,NA,NA,NA
9d25ab55-1531-41c1-a105-dff0d2d14742,Pseudophilautus puranappu,Pseudophilautus puranappu,Pseudophilautus puranappu,0,,,,,NA,NA,NA,NA,NA,NA,NA,NA,NA
ae57314d-1020-4714-9633-c5d600cf64d6,Bolitoglossa tapajonica,Bolitoglossa tapajonica,Bolitoglossa tapajonica,0,,,,,NA,NA,NA,NA,NA,NA,NA,NA,NA
88d29818-194c-430a-b85d-9013925ff639,Brachycephalus quiririensis,Brachycephalus quiririensis,Brachycephalus quiririensis,0,,,,,NA,NA,NA,NA,NA,NA,NA,NA,NA
de1735f9-1e7e-4d59-98da-388e83bff65e,Microhyla mukhlesuri,Microhyla mukhlesuri,Microhyla mukhlesuri,0,,,,,NA,NA,NA,NA,NA,NA,NA,NA,NA
ba1bc535-564b-4c09-b47d-461aa1b6bf0a,Raorchestes blandus,Raorchestes blandus,Raorchestes blandus,0,,,,,NA,NA,NA,NA,NA,NA,NA,NA,NA
2e6a280c-7db7-4e5a-8023-f10663eccc28,Hypsiboas maculateralis,Hypsiboas maculateralis,Hypsiboas maculateralis,0,,,,,NA,NA,NA,NA,NA,NA,NA,NA,NA
e2f43987-3cf1-42be-a731-acbbde7f0b4d,Leptobrachium leucops,Leptobrachium leucops,Leptobrachium leucops,0,,,,,NA,NA,NA,NA,NA,NA,NA,NA,NA
caf4e382-68ce-40b8-b365-3c08073a5e45,Kurixalus viridescens,Kurixalus viridescens,Kurixalus viridescens,0,,,,,NA,NA,NA,NA,NA,NA,NA,NA,NA
14aaeea2-d67a-4a22-a7c0-71e8d04d367f,Duttaphrynus chandai,Duttaphrynus chandai,Duttaphrynus chandai,0,,,,,NA,NA,NA,NA,NA,NA,NA,NA,NA
27c1cbdd-79de-4eec-831b-b3ab80927e65,Hyperolius dartevellei,Hyperolius dartevellei,Hyperolius dartevellei,0,,,,,NA,NA,NA,NA,NA,NA,NA,NA,NA
0fdeba42-bcf4-4211-838f-ade1f5b92d7c,Boophis narinsi,Boophis narinsi,Boophis narinsi,0,,,,,NA,NA,NA,NA,NA,NA,NA,NA,NA
96768f36-7620-42fb-920b-83ac07e881dc,Rhacophorus malkmusi,Rhacophorus malkmusi,Rhacophorus malkmusi,0,,,,,NA,NA,NA,NA,NA,NA,NA,NA,NA
bd518ba3-b434-4f02-87c8-68c267ef3b4b,Dendropsophus manonegra,Dendropsophus manonegra,Dendropsophus manonegra,0,,,,,NA,NA,NA,NA,NA,NA,NA,NA,NA
a4406ffb-45db-4b84-9308-3c61d983a5dc,Hyalinobatrachium dianae,Hyalinobatrachium dianae,Hyalinobatrachium dianae,0,,,,,NA,NA,NA,NA,NA,NA,NA,NA,NA
334d261b-b347-4ed8-857a-2bb5aebc4cb6,Pristimantis dorado,Pristimantis dorado,Pristimantis dorado,0,,,,,NA,NA,NA,NA,NA,NA,NA,NA,NA
2a90a2d9-43b2-4a13-bd92-7e637e05832e,Hyalinobatrachium anachoretus,Hyalinobatrachium anachoretus,Hyalinobatrachium anachoretus,0,,,,,NA,NA,NA,NA,NA,NA,NA,NA,NA
27936c71-4447-4801-8590-fb0bef012438,Leptolalax ardens,Leptolalax ardens,Leptolalax ardens,0,,,,,NA,NA,NA,NA,NA,NA,NA,NA,NA
4b914be3-65f9-4ff1-a5d7-32e0316c2e75,Chiasmocleis haddadi,Chiasmocleis haddadi,Chiasmocleis haddadi,0,,,,,NA,NA,NA,NA,NA,NA,NA,NA,NA
0fad4ecb-ab1f-4cf0-bdca-85e3b7f3324a,Aglyptodactylus inguinalis,Aglyptodactylus inguinalis,Aglyptodactylus inguinalis,0,,,,,NA,NA,NA,NA,NA,NA,NA,NA,NA
cfbe870e-5c63-4270-9376-f7d37adb5164,Hypsiboas bandeirantes,Hypsiboas bandeirantes,Hypsiboas bandeirantes,0,,,,,NA,NA,NA,NA,NA,NA,NA,NA,NA
8d3b04b3-df6b-4d87-a28c-52a664b9eb89,Uperoleia saxatilis,Uperoleia saxatilis,Uperoleia saxatilis,0,,,,,NA,NA,NA,NA,NA,NA,NA,NA,NA
94f72761-5d7a-48bb-8d45-a28722fcc00d,Cophixalus clapporum,Cophixalus clapporum,Cophixalus clapporum,0,,,,,NA,NA,NA,NA,NA,NA,NA,NA,NA
05b6e13f-a9b9-4d8e-b552-581479196f6d,Cophixalus albolineatus,Cophixalus albolineatus,Cophixalus albolineatus,0,,,,,NA,NA,NA,NA,NA,NA,NA,NA,NA
050c63d6-3ec8-45f5-837b-07773def8359,Rana neba,Rana neba,Rana neba,0,,,,,NA,NA,NA,NA,NA,NA,NA,NA,NA
17b41790-dc6b-4d76-9b68-084433de7740,Philautus nianeae,Philautus nianeae,Philautus nianeae,0,,,,,NA,NA,NA,NA,NA,NA,NA,NA,NA
44105053-0780-4b16-af14-228dbfe9b879,Copiula lennarti,Copiula lennarti,Copiula lennarti,0,,,,,NA,NA,NA,NA,NA,NA,NA,NA,NA
fb7348eb-5353-4656-9ba7-dc5755d1ad20,Rhacophorus helenae,Rhacophorus helenae,Rhacophorus helenae,0,,,,,NA,NA,NA,NA,NA,NA,NA,NA,NA
4cbe0f2b-7d0d-4362-b781-f6904dd67165,Choerophryne bryonopsis,Choerophryne bryonopsis,Choerophryne bryonopsis,0,,,,,NA,NA,NA,NA,NA,NA,NA,NA,NA
f23eae02-c599-49b0-8663-23fcc85b78d7,Cryptotriton xucaneborum,Cryptotriton xucaneborum,Cryptotriton xucaneborum,0,,,,,NA,NA,NA,NA,NA,NA,NA,NA,NA
468dafa0-680e-4532-93ee-d942be3d948d,Oreophryne lemur,Oreophryne lemur,Oreophryne lemur,0,,,,,NA,NA,NA,NA,NA,NA,NA,NA,NA
43b7768d-833f-4ca8-97ef-ebe4c3624d82,Proceratophrys aridus,Proceratophrys aridus,Proceratophrys aridus,0,,,,,NA,NA,NA,NA,NA,NA,NA,NA,NA
fba7f2af-8de1-4308-a5b8-5cd47efebe8a,Odorrana fengkaiensis,Odorrana fengkaiensis,Odorrana fengkaiensis,0,,,,,NA,NA,NA,NA,NA,NA,NA,NA,NA
9f6c4da7-0bf4-4a82-9e6a-6f2db4e07aea,Oreophryne philosylleptoris,Oreophryne philosylleptoris,Oreophryne philosylleptoris,0,,,,,NA,NA,NA,NA,NA,NA,NA,NA,NA
37d59fcd-c095-4d47-865a-0dd62b4a5ff1,Oedipina berlini,Oedipina berlini,Oedipina berlini,0,,,,,NA,NA,NA,NA,NA,NA,NA,NA,NA
7c2b3c4a-0ecf-4fb5-8186-89ffbeb9c2eb,Scinax villasboasi,Scinax villasboasi,Scinax villasboasi,0,,,,,NA,NA,NA,NA,NA,NA,NA,NA,NA
6c841da9-db03-4a26-80f9-fdf8824cb1cf,Glandirana susurra,Glandirana susurra,Glandirana susurra,0,,,,,NA,NA,NA,NA,NA,NA,NA,NA,NA
17774e2a-5f29-4d3d-b198-b2a9e594309a,Triturus ivanbureschi,Triturus ivanbureschi,Triturus ivanbureschi,0,,,,,NA,NA,NA,NA,NA,NA,NA,NA,NA
76318aa3-cf2d-40e7-b288-2a60e622dbbe,Limnonectes longchuanensis,Limnonectes longchuanensis,Limnonectes longchuanensis,0,,,,,NA,NA,NA,NA,NA,NA,NA,NA,NA
975c9132-3c5b-4051-a506-6d5547ced4ce,Hyperolius burgessi,Hyperolius burgessi,Hyperolius burgessi,0,,,,,NA,NA,NA,NA,NA,NA,NA,NA,NA
ee2843ea-0b40-45ce-8fb9-c2d43093a940,Kalophrynus cryptophonus,Kalophrynus cryptophonus,Kalophrynus cryptophonus,0,,,,,NA,NA,NA,NA,NA,NA,NA,NA,NA
8d398024-48e2-414e-b20e-f66a2510da44,Crossodactylus bokermanni,Crossodactylus bokermanni,Crossodactylus bokermanni,1,Name cluster 8c489099-1638-4f03-951d-2c8ea3833760 containing 'Crossodactylus bokermanni' found between (none) in 1 timepoints,,,,NA,NA,Crossodactylus bokermanni,NA,207893,"Crossodactylus bokermanni Caramaschi and Sazima, 1985",663291,Species,valid
8d599fbb-a649-4b4c-9f45-81a65c754d89,Proceratophrys belzebul,Proceratophrys belzebul,Proceratophrys belzebul,0,,,,,NA,NA,NA,NA,NA,NA,NA,NA,NA
fb342b86-6dc5-4231-a026-e9e70dd7a91f,Paramesotriton maolanensis,Paramesotriton maolanensis,Paramesotriton maolanensis,0,,,,,NA,NA,NA,NA,NA,NA,NA,NA,NA
9e2832d0-37b1-48b5-8852-3e4f9c1b96f6,Cardioglossa annulata,Cardioglossa annulata,Cardioglossa annulata,0,,,,,NA,NA,NA,NA,NA,NA,NA,NA,NA
4518630d-0f4b-4d3b-b753-df30e8cf693e,Rhinella casconi,Rhinella casconi,Rhinella casconi,0,,,,,NA,NA,NA,NA,NA,NA,NA,NA,NA
1aee8471-ad4a-462a-8e2f-3e15c51ad56e,Micrixalus herrei,Micrixalus herrei,Micrixalus herrei,0,,,,,NA,NA,NA,NA,NA,NA,NA,NA,NA
0e18b8f0-c06b-484a-afa7-f7a7273683c0,Stumpffia miery,Stumpffia miery,Stumpffia miery,0,,,,,NA,NA,NA,NA,NA,NA,NA,NA,NA
deed0f84-7fbc-4480-ad11-a9eb5eeab3d5,Hyperolius drewesi,Hyperolius drewesi,Hyperolius drewesi,0,,,,,NA,NA,NA,NA,NA,NA,NA,NA,NA
c28d1089-85a0-4d35-96ea-241fbb67ccb2,Pristimantis omeviridis,Pristimantis omeviridis,Pristimantis omeviridis,0,,,,,NA,NA,NA,NA,NA,NA,NA,NA,NA
9a53e4f5-d0b3-4bd0-97ec-55a2956f5146,Fejervarya dhaka,Fejervarya dhaka,Fejervarya dhaka,0,,,,,NA,NA,NA,NA,NA,NA,NA,NA,NA
a4f78260-28b6-4c53-9a7b-0b228261d08d,Adenomera juikitam,Adenomera juikitam,Adenomera juikitam,0,,,,,NA,NA,NA,NA,NA,NA,NA,NA,NA
65a7c25d-00e6-4cc6-ad8c-b425c4e80e26,Odorrana lipuensis,Odorrana lipuensis,Odorrana lipuensis,0,,,,,NA,NA,NA,NA,NA,NA,NA,NA,NA
28512dad-c9e1-4bc8-8fe7-ca69278b651a,Thorius hankeni,Thorius hankeni,Thorius hankeni,0,,,,,NA,NA,NA,NA,NA,NA,NA,NA,NA
2aea0555-4240-46c5-a410-ec053a57a473,Amietia poyntoni,Amietia poyntoni,Amietia poyntoni,0,,,,,NA,NA,NA,NA,NA,NA,NA,NA,NA
6c7d68b9-2def-4283-bb20-c12f8374440e,Pseudophilautus dilmah,Pseudophilautus dilmah,Pseudophilautus dilmah,0,,,,,NA,NA,NA,NA,NA,NA,NA,NA,NA
2b85c704-89dc-4d75-917f-7853e9122e17,Pristimantis carlosceroni,Pristimantis carlosceroni,Pristimantis carlosceroni,0,,,,,NA,NA,NA,NA,NA,NA,NA,NA,NA
cc1f5ee0-d744-4be8-992b-6ec6f82cb870,Xenopus allofraseri,Xenopus allofraseri,Xenopus allofraseri,0,,,,,NA,NA,NA,NA,NA,NA,NA,NA,NA
5834fc72-2319-4e61-bd6a-e8cfa3d405a3,Pseudopaludicola parnaiba,Pseudopaludicola parnaiba,Pseudopaludicola parnaiba,0,,,,,NA,NA,NA,NA,NA,NA,NA,NA,NA
d987e0f7-4c97-4ae2-92f3-bfc6d7c93e2d,Micrixalus uttaraghaati,Micrixalus uttaraghaati,Micrixalus uttaraghaati,0,,,,,NA,NA,NA,NA,NA,NA,NA,NA,NA
c546b7ef-cd5b-42e0-864f-088d251aaea8,Rhombophryne ornata,Rhombophryne ornata,Rhombophryne ornata,0,,,,,NA,NA,NA,NA,NA,NA,NA,NA,NA
e52e2131-513d-455b-a128-75e3071f8aad,Aglyptodactylus australis,Aglyptodactylus australis,Aglyptodactylus australis,0,,,,,NA,NA,NA,NA,NA,NA,NA,NA,NA
0f925cfd-8bca-4325-83e8-798ed37cf304,Bolitoglossa jugivagans,Bolitoglossa jugivagans,Bolitoglossa jugivagans,0,,,,,NA,NA,NA,NA,NA,NA,NA,NA,NA
a3b6745e-318b-493e-8f4c-e42101ea03db,Phrynopus curator,Phrynopus curator,Phrynopus curator,0,,,,,NA,NA,NA,NA,NA,NA,NA,NA,NA
119c9a64-6adc-498f-9bd2-01eb27186e50,Adenomera saci,Adenomera saci,Adenomera saci,0,,,,,NA,NA,NA,NA,NA,NA,NA,NA,NA
42c733e6-1013-4b86-a7d3-fd0196a10998,Cophixalus amabilis,Cophixalus amabilis,Cophixalus amabilis,0,,,,,NA,NA,NA,NA,NA,NA,NA,NA,NA
319a7e17-ecc0-4f72-9a37-760e31e85e6a,Hyperolius microps,Hyperolius microps,Hyperolius microps,0,,,,,NA,NA,NA,NA,NA,NA,NA,NA,NA
797dff23-be1b-43f6-8bc8-f1157973d346,Micrixalus sali,Micrixalus sali,Micrixalus sali,0,,,,,NA,NA,NA,NA,NA,NA,NA,NA,NA
ed3d8870-d7a9-4545-b7f3-09310d06f532,Choerophryne grylloides,Choerophryne grylloides,Choerophryne grylloides,0,,,,,NA,NA,NA,NA,NA,NA,NA,NA,NA
32fdb52a-d294-40a5-96e6-25af6711c922,Pristimantis llanganati,Pristimantis llanganati,Pristimantis llanganati,0,,,,,NA,NA,NA,NA,NA,NA,NA,NA,NA
4ed8219b-3450-4781-9517-c25a7396a1ae,Dendropsophus counani,Dendropsophus counani,Dendropsophus counani,0,,,,,NA,NA,NA,NA,NA,NA,NA,NA,NA
c648faf0-86ea-4d24-bc2c-98728a700b36,Pristimantis miktos,Pristimantis miktos,Pristimantis miktos,0,,,,,NA,NA,NA,NA,NA,NA,NA,NA,NA
45287a4b-23c7-4428-a3dc-d14365da2887,Polypedates iskanderi,Polypedates iskanderi,Polypedates iskanderi,0,,,,,NA,NA,NA,NA,NA,NA,NA,NA,NA
e42f3e75-d2fe-4484-8d4f-d59f009931cb,Amolops albispinus,Amolops albispinus,Amolops albispinus,0,,,,,NA,NA,NA,NA,NA,NA,NA,NA,NA
17f93986-efa5-4fd3-b06f-4d9a912363b8,Amietia dracomontana,Amietia dracomontana,Amietia dracomontana,1,Name cluster 624bdf43-d25c-43ee-9ffb-cea612b88988 containing 'Amietia dracomontana' found between (none) in 1 timepoints,,,,NA,NA,Amietia dracomontana,NA,661517,"Amietia dracomontana (Channing, 1978)",774944,Species,valid
aae80fc2-e015-4b70-9a32-a95acb148847,Clinotarsus penelope,Clinotarsus penelope,Clinotarsus penelope,0,,,,,NA,NA,NA,NA,NA,NA,NA,NA,NA
a86d8f1b-e5de-4b11-a578-15c2c60d6c32,Osteocephalus cannatellai,Osteocephalus cannatellai,Osteocephalus cannatellai,0,,,,,NA,NA,NA,NA,NA,NA,NA,NA,NA
04adf3c0-b81d-4a07-ab0d-ffcf78b8d225,Chikila alcocki,Chikila alcocki,Chikila alcocki,0,,,,,NA,NA,NA,NA,NA,NA,NA,NA,NA
dfa0a2ac-ff80-4f2a-ac28-c5e5eda378fa,Xenophrys vegrandis,Xenophrys vegrandis,Xenophrys vegrandis,0,,,,,NA,NA,NA,NA,NA,NA,NA,NA,NA
817e9fd7-f0e1-4451-871d-69f0051272da,Nototriton oreadorum,Nototriton oreadorum,Nototriton oreadorum,0,,,,,NA,NA,NA,NA,NA,NA,NA,NA,NA
bed8d1a0-1034-4eaa-838d-6186122c17e7,Nyctibatrachus anamallaiensis,Nyctibatrachus anamallaiensis,Nyctibatrachus anamallaiensis,0,,,,,NA,NA,NA,NA,NA,NA,NA,NA,NA
e7be73d4-2352-444b-9ffe-fe4d4fa64ead,Fritziana ulei,Fritziana ulei,Fritziana ulei,0,,,,,NA,NA,NA,NA,NA,NA,NA,NA,NA
518e6c6e-6ac3-4a6e-a436-480eb705e9c0,Indirana paramakri,Indirana paramakri,Indirana paramakri,0,,,,,NA,NA,NA,NA,NA,NA,NA,NA,NA
23ef526a-08be-401b-a5d1-2cf0a2f88f22,Pseudopaludicola ibisoroca,Pseudopaludicola ibisoroca,Pseudopaludicola ibisoroca,0,,,,,NA,NA,NA,NA,NA,NA,NA,NA,NA
0da8ea89-d6c5-43a3-b781-be4ec664d387,Phrynobatrachus horsti,Phrynobatrachus horsti,Phrynobatrachus horsti,0,,,,,NA,NA,NA,NA,NA,NA,NA,NA,NA
54b62235-347e-410d-9279-1257933aa1d1,Pristimantis nietoi,Pristimantis nietoi,Pristimantis nietoi,0,,,,,NA,NA,NA,NA,NA,NA,NA,NA,NA
1f5b2bfa-b53e-4ba3-a767-04a1922b6d99,Rhacophorus indonesiensis,Rhacophorus indonesiensis,Rhacophorus indonesiensis,0,,,,,NA,NA,NA,NA,NA,NA,NA,NA,NA
556a88c5-c3a7-4e0b-b98b-73d0a8f6b1d3,Brachycephalus verrucosus,Brachycephalus verrucosus,Brachycephalus verrucosus,0,,,,,NA,NA,NA,NA,NA,NA,NA,NA,NA
097d7a5c-763c-41d8-a893-63b403dbdf13,Odontobatrachus smithi,Odontobatrachus smithi,Odontobatrachus smithi,0,,,,,NA,NA,NA,NA,NA,NA,NA,NA,NA
bf8f101c-c2b6-41a9-8627-53b22bd12df7,Ombrana sikimensis,Ombrana sikimensis,Ombrana sikimensis,1,Name cluster b516979e-478f-42d5-98a7-d462eaceb09b containing 'Ombrana sikimensis' found between (none) in 1 timepoints,,,,NA,NA,Ombrana sikimensis,NA,773252,"Ombrana sikimensis (Jerdon, 1870)",774164,Species,valid
c64a4410-0b64-4cf8-a6c7-8976c11ead53,Platypelis karenae,Platypelis karenae,Platypelis karenae,0,,,,,NA,NA,NA,NA,NA,NA,NA,NA,NA
30509e37-242e-46bc-86f0-2d457197a64d,Aparasphenodon pomba,Aparasphenodon pomba,Aparasphenodon pomba,0,,,,,NA,NA,NA,NA,NA,NA,NA,NA,NA
c91c71e1-8071-44d8-9832-6ef202ec7727,Rhombophryne longicrus,Rhombophryne longicrus,Rhombophryne longicrus,0,,,,,NA,NA,NA,NA,NA,NA,NA,NA,NA
00a5001a-7017-4ae7-a90f-94ed794213ab,Oreophryne flavomaculata,Oreophryne flavomaculata,Oreophryne flavomaculata,0,,,,,NA,NA,NA,NA,NA,NA,NA,NA,NA
df5fde96-b498-44ff-a815-6b416f926ea5,Cophixalus viridis,Cophixalus viridis,Cophixalus viridis,0,,,,,NA,NA,NA,NA,NA,NA,NA,NA,NA
765f98d1-0c0b-4a96-b0f1-fbb311b3fece,Barygenys apodasta,Barygenys apodasta,Barygenys apodasta,0,,,,,NA,NA,NA,NA,NA,NA,NA,NA,NA
055665ec-f16c-4317-ac7b-5f4034780ba2,Microhyla mihintalei,Microhyla mihintalei,Microhyla mihintalei,0,,,,,NA,NA,NA,NA,NA,NA,NA,NA,NA
5c448fe6-b407-4267-bc6d-0da00d47c426,Isthmura sierraoccidentalis,Isthmura sierraoccidentalis,Isthmura sierraoccidentalis,0,,,,,NA,NA,NA,NA,NA,NA,NA,NA,NA
da451ee4-9f3f-4c7d-83e9-bc04c064a76c,Rana uenoi,Rana uenoi,Rana uenoi,0,,,,,NA,NA,NA,NA,NA,NA,NA,NA,NA
8fda8ab1-b46c-46e9-a525-35068be61705,Raorchestes silentvalley,Raorchestes silentvalley,Raorchestes silentvalley,0,,,,,NA,NA,NA,NA,NA,NA,NA,NA,NA
4a84eba1-75bb-4edb-b1d1-b0afc681ba51,Oreophryne picticrus,Oreophryne picticrus,Oreophryne picticrus,0,,,,,NA,NA,NA,NA,NA,NA,NA,NA,NA
4ac1a24c-a66f-4112-b54b-ef0dc500e0ec,Silverstoneia punctiventris,Silverstoneia punctiventris,Silverstoneia punctiventris,0,,,,,NA,NA,NA,NA,NA,NA,NA,NA,NA
be0e992e-da48-4259-a065-2fc2968fba68,Rhacophorus larissae,Rhacophorus larissae,Rhacophorus larissae,0,,,,,NA,NA,NA,NA,NA,NA,NA,NA,NA
cae000e2-9bc9-4ec4-84a9-06e4f98fb876,Brachycephalus albolineatus,Brachycephalus albolineatus,Brachycephalus albolineatus,0,,,,,NA,NA,NA,NA,NA,NA,NA,NA,NA
003cfe70-5680-4331-93ce-1a4cd9b25dab,Bokermannohyla sapiranga,Bokermannohyla sapiranga,Bokermannohyla sapiranga,0,,,,,NA,NA,NA,NA,NA,NA,NA,NA,NA
bbec24a9-39b1-4d3f-aa96-cbd2e41c8ad4,Leptolalax fritinniens,Leptolalax fritinniens,Leptolalax fritinniens,0,,,,,NA,NA,NA,NA,NA,NA,NA,NA,NA
f0b9a23c-bf6d-480c-9132-2f15cb4f6aab,Barygenys resima,Barygenys resima,Barygenys resima,0,,,,,NA,NA,NA,NA,NA,NA,NA,NA,NA
84257958-3cda-4dd3-b029-91d139b9cef0,Cornufer hedigeri,Cornufer hedigeri,Cornufer hedigeri,0,,,,,NA,NA,NA,NA,NA,NA,NA,NA,NA
ac28feb1-85f5-4f85-9bb8-dcbdccc727cd,Pristimantis munozi,Pristimantis munozi,Pristimantis munozi,0,,,,,NA,NA,NA,NA,NA,NA,NA,NA,NA
c61d088a-c8a9-4e95-86d8-a9736366b930,Hypsiboas cambui,Hypsiboas cambui,Hypsiboas cambui,0,,,,,NA,NA,NA,NA,NA,NA,NA,NA,NA
89d817a2-7c02-4619-b974-07df91e3a3bc,Austrochaperina laurae,Austrochaperina laurae,Austrochaperina laurae,0,,,,,NA,NA,NA,NA,NA,NA,NA,NA,NA
3595eec3-a4fe-4880-aeb5-d6c358930e7a,Ansonia vidua,Ansonia vidua,Ansonia vidua,0,,,,,NA,NA,NA,NA,NA,NA,NA,NA,NA
752b1a75-2dd7-42a0-9fb0-4ae12a7b3f58,Boophis ankarafensis,Boophis ankarafensis,Boophis ankarafensis,0,,,,,NA,NA,NA,NA,NA,NA,NA,NA,NA
58ff8b79-cdee-4d98-9842-5bc7830ad338,Dendropsophus luddeckei,Dendropsophus luddeckei,Dendropsophus luddeckei,0,,,,,NA,NA,NA,NA,NA,NA,NA,NA,NA
1adb5174-d568-4b8c-a021-a2a252b5649b,Tomopterna gallmanni,Tomopterna gallmanni,Tomopterna gallmanni,0,,,,,NA,NA,NA,NA,NA,NA,NA,NA,NA
74d602c6-bc7d-4f4f-950d-685c70dfa930,Agalychnis terranova,Agalychnis terranova,Agalychnis terranova,0,,,,,NA,NA,NA,NA,NA,NA,NA,NA,NA
b27dfb52-20e5-4a10-954b-e2608df06427,Hyperolius davenporti,Hyperolius davenporti,Hyperolius davenporti,0,,,,,NA,NA,NA,NA,NA,NA,NA,NA,NA
1cdcea25-6b66-450d-9ab5-a324c16231d9,Craugastor metriosistus,Craugastor metriosistus,Craugastor metriosistus,0,,,,,NA,NA,NA,NA,NA,NA,NA,NA,NA
f8c8f56a-64ea-4ada-a41b-0c97707588fd,Pristimantis buenaventura,Pristimantis buenaventura,Pristimantis buenaventura,0,,,,,NA,NA,NA,NA,NA,NA,NA,NA,NA
09e38645-8bee-40a2-9a18-c4075c3d9814,Cophixalus rajampatensis,Cophixalus rajampatensis,Cophixalus rajampatensis,0,,,,,NA,NA,NA,NA,NA,NA,NA,NA,NA
55e43bfc-4b53-40c1-9f38-c405566ba24e,Microhyla laterite,Microhyla laterite,Microhyla laterite,0,,,,,NA,NA,NA,NA,NA,NA,NA,NA,NA
522d2445-0226-4138-b178-40b56214601b,Rhinella sebbeni,Rhinella sebbeni,Rhinella sebbeni,0,,,,,NA,NA,NA,NA,NA,NA,NA,NA,NA
db3f8930-2f20-4020-bc9e-6c466f240522,Pristimantis puruscafeum,Pristimantis puruscafeum,Pristimantis puruscafeum,0,,,,,NA,NA,NA,NA,NA,NA,NA,NA,NA
09f60699-734b-454e-bad8-17085bb304bb,Hyperolius jacobseni,Hyperolius jacobseni,Hyperolius jacobseni,0,,,,,NA,NA,NA,NA,NA,NA,NA,NA,NA
61a8e088-aa7e-4621-a236-3b8c96fa0661,Pristimantis allpapuyu,Pristimantis allpapuyu,Pristimantis allpapuyu,0,,,,,NA,NA,NA,NA,NA,NA,NA,NA,NA
7be5156b-dedb-46fd-b218-4be22da29d60,Telmatobius mendelsoni,Telmatobius mendelsoni,Telmatobius mendelsoni,0,,,,,NA,NA,NA,NA,NA,NA,NA,NA,NA
b2a8e89b-e483-4b5f-b5f1-b1a00400ddd9,Physalaemus atim,Physalaemus atim,Physalaemus atim,0,,,,,NA,NA,NA,NA,NA,NA,NA,NA,NA
455db016-562a-40dd-a437-66fa1c1856bc,Mercurana myristicapalustris,Mercurana myristicapalustris,Mercurana myristicapalustris,0,,,,,NA,NA,NA,NA,NA,NA,NA,NA,NA
df6816d4-5501-4e4b-b2ff-e5917f2f07e7,Hylophorbus atrifasciatus,Hylophorbus atrifasciatus,Hylophorbus atrifasciatus,0,,,,,NA,NA,NA,NA,NA,NA,NA,NA,NA
331af310-61da-44bb-9466-73eb73c00d3e,Melanophryniscus biancae,Melanophryniscus biancae,Melanophryniscus biancae,0,,,,,NA,NA,NA,NA,NA,NA,NA,NA,NA
2cac6428-2001-48b9-8686-df3f2a21a91f,Proceratophrys mantiqueira,Proceratophrys mantiqueira,Proceratophrys mantiqueira,0,,,,,NA,NA,NA,NA,NA,NA,NA,NA,NA
ead28c05-8610-4c26-bc97-5066fe30d76a,Xenopus fischbergi,Xenopus fischbergi,Xenopus fischbergi,0,,,,,NA,NA,NA,NA,NA,NA,NA,NA,NA
f2502c60-93a1-482f-a125-39fe32f4c983,Anomaloglossus astralogaster,Anomaloglossus astralogaster,Anomaloglossus astralogaster,0,,,,,NA,NA,NA,NA,NA,NA,NA,NA,NA
846b8a9a-ca9a-4858-a8a0-ff5a65d84dff,Melanophryniscus xanthostomus,Melanophryniscus xanthostomus,Melanophryniscus xanthostomus,0,,,,,NA,NA,NA,NA,NA,NA,NA,NA,NA
5b05169b-c2a9-4a82-8144-c5b807bf7d21,Hydrophylax bahuvistara,Hydrophylax bahuvistara,Hydrophylax bahuvistara,0,,,,,NA,NA,NA,NA,NA,NA,NA,NA,NA
66e06c9d-462b-4efb-96ac-f26269345523,Chiromantis inexpectatus,Chiromantis inexpectatus,Chiromantis inexpectatus,0,,,,,NA,NA,NA,NA,NA,NA,NA,NA,NA
faa2fe3e-fa29-4817-bd3d-bffc1fc3584a,Crinia flindersensis,Crinia flindersensis,Crinia flindersensis,0,,,,,NA,NA,NA,NA,NA,NA,NA,NA,NA
88963017-e2ae-4786-bee1-d4712874229b,Platymantis quezoni,Platymantis quezoni,Platymantis quezoni,0,,,,,NA,NA,NA,NA,NA,NA,NA,NA,NA
93e54720-9ed9-49b7-9294-ef22151f35ad,Microcaecilia savagei,Microcaecilia savagei,Microcaecilia savagei,0,,,,,NA,NA,NA,NA,NA,NA,NA,NA,NA
8b57b50b-f64b-49ad-be21-85eeeecb1768,Leptolalax tadungensis,Leptolalax tadungensis,Leptolalax tadungensis,0,,,,,NA,NA,NA,NA,NA,NA,NA,NA,NA
7b2c6d5b-a30e-4329-a26d-60ed38e0cea8,Brachycephalus boticario,Brachycephalus boticario,Brachycephalus boticario,0,,,,,NA,NA,NA,NA,NA,NA,NA,NA,NA
bc0b04e6-94cc-4827-bd9f-803ab7e1fb9b,Philautus catbaensis,Philautus catbaensis,Philautus catbaensis,0,,,,,NA,NA,NA,NA,NA,NA,NA,NA,NA
d699c2a3-57ca-4480-b19b-2ac144d05dc3,Limnonectes isanensis,Limnonectes isanensis,Limnonectes isanensis,0,,,,,NA,NA,NA,NA,NA,NA,NA,NA,NA
0cfd4f35-66a6-4bca-97e7-3711ab82f64b,Xenophrys oropedion,Xenophrys oropedion,Xenophrys oropedion,0,,,,,NA,NA,NA,NA,NA,NA,NA,NA,NA
aa2d5a74-840d-4aef-8ee5-ec3fcc3753d5,Tomopterna wambensis,Tomopterna wambensis,Tomopterna wambensis,0,,,,,NA,NA,NA,NA,NA,NA,NA,NA,NA
580743ae-e527-4cad-8bda-d9294f1d2c21,Bolitoglossa tenebrosa,Bolitoglossa tenebrosa,Bolitoglossa tenebrosa,0,,,,,NA,NA,NA,NA,NA,NA,NA,NA,NA
e732cda8-8639-4f85-88f1-f220428e1ed4,Scinax rossaferesae,Scinax rossaferesae,Scinax rossaferesae,0,,,,,NA,NA,NA,NA,NA,NA,NA,NA,NA
2ad4c34a-1b12-40ef-b575-5977e626125d,Chiropterotriton cieloensis,Chiropterotriton cieloensis,Chiropterotriton cieloensis,0,,,,,NA,NA,NA,NA,NA,NA,NA,NA,NA
fffa09fe-c45a-41ca-8a3e-2370eaea5d74,Adenomera cotuba,Adenomera cotuba,Adenomera cotuba,0,,,,,NA,NA,NA,NA,NA,NA,NA,NA,NA
1f1f977d-5296-49b9-92e3-afe7944130b2,Pseudophilautus jagathgunawardanai,Pseudophilautus jagathgunawardanai,Pseudophilautus jagathgunawardanai,0,,,,,NA,NA,NA,NA,NA,NA,NA,NA,NA
c2f354bf-d8f0-426f-a0e4-79da0067ef9b,Allobates amissibilis,Allobates amissibilis,Allobates amissibilis,0,,,,,NA,NA,NA,NA,NA,NA,NA,NA,NA
307406b8-0b3d-4094-bd5d-cd6b46a79be2,Odorrana tianmuii,Odorrana tianmuii,Odorrana tianmuii,0,,,,,NA,NA,NA,NA,NA,NA,NA,NA,NA
9fe5be50-8601-45fd-9670-1146af382b0c,Hynobius shinichisatoi,Hynobius shinichisatoi,Hynobius shinichisatoi,0,,,,,NA,NA,NA,NA,NA,NA,NA,NA,NA
a06cbafa-e1bf-4ab9-8312-052a7156a016,Hyperolius raymondi,Hyperolius raymondi,Hyperolius raymondi,0,,,,,NA,NA,NA,NA,NA,NA,NA,NA,NA
9122b0db-1503-475d-a10a-e2c56052dd2e,Stumpffia kibomena,Stumpffia kibomena,Stumpffia kibomena,0,,,,,NA,NA,NA,NA,NA,NA,NA,NA,NA
277eb1a9-3c1b-4dc7-a74b-33f03ca5cdaa,Pristimantis espedeus,Pristimantis espedeus,Pristimantis espedeus,0,,,,,NA,NA,NA,NA,NA,NA,NA,NA,NA
1356105d-c66b-4e7e-857e-0df7097c2e90,Nyctimystes myolae,Nyctimystes myolae,Nyctimystes myolae,0,,,,,NA,NA,NA,NA,NA,NA,NA,NA,NA
2d586a15-bfe8-4732-9660-8d294d40e4e8,Liuixalus jinxiuensis,Liuixalus jinxiuensis,Liuixalus jinxiuensis,0,,,,,NA,NA,NA,NA,NA,NA,NA,NA,NA
6cbe8ec4-35d7-4ba7-a052-da4d0ec90892,Myersiohyla chamaeleo,Myersiohyla chamaeleo,Myersiohyla chamaeleo,0,,,,,NA,NA,NA,NA,NA,NA,NA,NA,NA
8c7de248-6d39-4811-a1dd-4d6befbe2d57,Phrynopus daemon,Phrynopus daemon,Phrynopus daemon,0,,,,,NA,NA,NA,NA,NA,NA,NA,NA,NA
b0384442-0663-462e-b0e1-006da82f16e0,Indosylvirana magna,Indosylvirana magna,Indosylvirana magna,0,,,,,NA,NA,NA,NA,NA,NA,NA,NA,NA
c5114ac5-f0bb-4150-8a07-51139a8914dc,Brachycephalus mariaeterezae,Brachycephalus mariaeterezae,Brachycephalus mariaeterezae,0,,,,,NA,NA,NA,NA,NA,NA,NA,NA,NA
d2f65d1c-4554-4b2e-921f-ce41da4c5068,Micrixalus spelunca,Micrixalus spelunca,Micrixalus spelunca,0,,,,,NA,NA,NA,NA,NA,NA,NA,NA,NA
7e74ef39-a78d-4e52-86b1-25c3b2fa41fe,Micrixalus niluvasei,Micrixalus niluvasei,Micrixalus niluvasei,0,,,,,NA,NA,NA,NA,NA,NA,NA,NA,NA
6d75bf6d-3500-42e9-8d70-2e0099076a68,Microcaecilia butantan,Microcaecilia butantan,Microcaecilia butantan,0,,,,,NA,NA,NA,NA,NA,NA,NA,NA,NA
49e80bee-bb05-48ed-86b3-a2cb97b6d2c9,Phrynobatrachus njiomock,Phrynobatrachus njiomock,Phrynobatrachus njiomock,0,,,,,NA,NA,NA,NA,NA,NA,NA,NA,NA
b3b30413-dc3a-42f3-9ce2-87f0e89b3be0,Scinax madeirae,Scinax madeirae,Scinax madeirae,0,,,,,NA,NA,NA,NA,NA,NA,NA,NA,NA
ae227d45-3766-4b9f-b46a-baed76114104,Amazophrynella amazonicola,Amazophrynella amazonicola,Amazophrynella amazonicola,0,,,,,NA,NA,NA,NA,NA,NA,NA,NA,NA
710466d3-0dbf-4cb3-82d7-4b8849117a4e,Scinax pombali,Scinax pombali,Scinax pombali,0,,,,,NA,NA,NA,NA,NA,NA,NA,NA,NA
fb4614f6-2962-4833-baa2-c90cc5103cd9,Pristimantis tinajillas,Pristimantis tinajillas,Pristimantis tinajillas,0,,,,,NA,NA,NA,NA,NA,NA,NA,NA,NA
d8dbe234-2eca-474f-87fe-ddf732b18a5e,Boophis boppa,Boophis boppa,Boophis boppa,0,,,,,NA,NA,NA,NA,NA,NA,NA,NA,NA
2b785536-e3d8-435f-a2cc-2163871653a3,Liuixalus catbaensis,Liuixalus catbaensis,Liuixalus catbaensis,0,,,,,NA,NA,NA,NA,NA,NA,NA,NA,NA
957088f9-1e65-4b60-b44d-71b184167396,Rhombophryne savaka,Rhombophryne savaka,Rhombophryne savaka,0,,,,,NA,NA,NA,NA,NA,NA,NA,NA,NA
5ccf0e99-9d8e-40c7-a13d-56d18f6b63b8,Chthonerpeton tremembe,Chthonerpeton tremembe,Chthonerpeton tremembe,0,,,,,NA,NA,NA,NA,NA,NA,NA,NA,NA
9626f337-e8c2-4dd8-be92-376ae0390137,Xenophrys kempii,Xenophrys kempii,Xenophrys kempii,1,Name cluster 7735e1f9-5b36-4718-a14d-a586f991c0ae containing 'Xenophrys kempii' found between (none) in 1 timepoints,,,,NA,NA,Xenophrys kempii,775264,NA,"Xenophrys kempii (Annandale, 1912)",664233,Species,invalid
4879870a-00ea-42a9-b595-0ed80393dc1a,Oreophryne roedeli,Oreophryne roedeli,Oreophryne roedeli,0,,,,,NA,NA,NA,NA,NA,NA,NA,NA,NA
5801db2d-7018-4ab4-8107-29377bdba353,Pristimantis gualacenio,Pristimantis gualacenio,Pristimantis gualacenio,0,,,,,NA,NA,NA,NA,NA,NA,NA,NA,NA
d820b2e7-0cb2-4dd9-ba43-6775a3331149,Raorchestes ghatei,Raorchestes ghatei,Raorchestes ghatei,0,,,,,NA,NA,NA,NA,NA,NA,NA,NA,NA
7df6570b-72f9-4a4e-8c85-583b899b32f2,Gracixalus waza,Gracixalus waza,Gracixalus waza,0,,,,,NA,NA,NA,NA,NA,NA,NA,NA,NA
b6135727-39aa-4008-8188-9e61edd61c27,Cardioglossa congolia,Cardioglossa congolia,Cardioglossa congolia,0,,,,,NA,NA,NA,NA,NA,NA,NA,NA,NA
f45abe9a-8e3b-4b26-b723-8e6ca153eebd,Scinax ruprestris,Scinax ruprestris,Scinax ruprestris,0,,,,,NA,NA,NA,NA,NA,NA,NA,NA,NA
ff299a56-be74-4154-a787-f9aeb218a5fd,Echinotriton maxiquadratus,Echinotriton maxiquadratus,Echinotriton maxiquadratus,0,,,,,NA,NA,NA,NA,NA,NA,NA,NA,NA
7b04afed-a246-4b46-811c-ecb30eb0dda8,Dendropsophus shiwiarum,Dendropsophus shiwiarum,Dendropsophus shiwiarum,0,,,,,NA,NA,NA,NA,NA,NA,NA,NA,NA
db8e247f-1865-425f-9f8d-dd21b05b1f29,Hylodes japi,Hylodes japi,Hylodes japi,0,,,,,NA,NA,NA,NA,NA,NA,NA,NA,NA
0a4b2e7e-e8a7-40af-b64a-7c2d104e84a8,Pristimantis pahuma,Pristimantis pahuma,Pristimantis pahuma,0,,,,,NA,NA,NA,NA,NA,NA,NA,NA,NA
2440226f-63b7-4753-96d7-a6c1b8838026,Psychrophrynella chaupi,Psychrophrynella chaupi,Psychrophrynella chaupi,0,,,,,NA,NA,NA,NA,NA,NA,NA,NA,NA
c69ce8bf-e77b-4f0e-a736-6ce2b62d69d8,Pristimantis jaguensis,Pristimantis jaguensis,Pristimantis jaguensis,0,,,,,NA,NA,NA,NA,NA,NA,NA,NA,NA
1be8317f-2be0-43db-8782-e640f6706085,Microhyla pineticola,Microhyla pineticola,Microhyla pineticola,0,,,,,NA,NA,NA,NA,NA,NA,NA,NA,NA
44939af8-fb28-4576-80f1-a06f09a3b5cb,Odorrana mutschmanni,Odorrana mutschmanni,Odorrana mutschmanni,0,,,,,NA,NA,NA,NA,NA,NA,NA,NA,NA
184b2e49-c9b0-4622-8337-ea9056d879cd,Cornufer paepkei,Cornufer paepkei,Cornufer paepkei,0,,,,,NA,NA,NA,NA,NA,NA,NA,NA,NA
7899b0b5-f383-46ad-8e5a-423c02c5f963,Kalophrynus honbaensis,Kalophrynus honbaensis,Kalophrynus honbaensis,0,,,,,NA,NA,NA,NA,NA,NA,NA,NA,NA
7404ff1c-45fd-4688-b2b8-55cc472fc00c,Cardioglossa inornata,Cardioglossa inornata,Cardioglossa inornata,0,,,,,NA,NA,NA,NA,NA,NA,NA,NA,NA
dbbbb0b3-aab0-4f73-9eb2-1305568f02f7,Hypsiboas diabolicus,Hypsiboas diabolicus,Hypsiboas diabolicus,0,,,,,NA,NA,NA,NA,NA,NA,NA,NA,NA
840beccb-818e-4ccb-83e8-16e0f79c7113,Scinax melanodactylus,Scinax melanodactylus,Scinax melanodactylus,0,,,,,NA,NA,NA,NA,NA,NA,NA,NA,NA
3ecd79d3-6adc-40f8-89e0-ad047ec7c996,Cophixalus salawatiensis,Cophixalus salawatiensis,Cophixalus salawatiensis,0,,,,,NA,NA,NA,NA,NA,NA,NA,NA,NA
c9939576-08b2-41eb-9e78-d3b5d36b7b70,Theloderma annae,Theloderma annae,Theloderma annae,0,,,,,NA,NA,NA,NA,NA,NA,NA,NA,NA
83244437-1b39-458e-bb96-c58188de50cc,Pristimantis tinguichaca,Pristimantis tinguichaca,Pristimantis tinguichaca,0,,,,,NA,NA,NA,NA,NA,NA,NA,NA,NA
b423f61c-080b-470f-85b2-c3f1a70c32a0,Xenophrys maosonensis,Xenophrys maosonensis,Xenophrys maosonensis,0,,,,,NA,NA,NA,NA,NA,NA,NA,NA,NA
034ccc0e-47bb-4e50-be11-499a5c2bda98,Pristimantis longicorpus,Pristimantis longicorpus,Pristimantis longicorpus,0,,,,,NA,NA,NA,NA,NA,NA,NA,NA,NA
d24c8a87-b92f-4a4d-a47f-cf7643123e23,Liophryne miniafia,Liophryne miniafia,Liophryne miniafia,0,,,,,NA,NA,NA,NA,NA,NA,NA,NA,NA
1a37c796-0590-4799-bd60-6259025db817,Pristimantis deyi,Pristimantis deyi,Pristimantis deyi,0,,,,,NA,NA,NA,NA,NA,NA,NA,NA,NA
e6c70411-0390-402a-9e98-b4f47c280fd5,Lyciasalamandra arikani,Lyciasalamandra arikani,Lyciasalamandra arikani,0,,,,,NA,NA,NA,NA,NA,NA,NA,NA,NA
527a9ae3-d15d-48ce-a2e0-683b9f97438a,Callulops valvifer,Callulops valvifer,Callulops valvifer,0,,,,,NA,NA,NA,NA,NA,NA,NA,NA,NA
f644ae87-ce57-4f5e-977f-76bdc4feb092,Phrynopus chaparroi,Phrynopus chaparroi,Phrynopus chaparroi,0,,,,,NA,NA,NA,NA,NA,NA,NA,NA,NA
d381d5a0-04df-4f8b-9299-b16dfb495c58,Osteocephalus camufatus,Osteocephalus camufatus,Osteocephalus camufatus,0,,,,,NA,NA,NA,NA,NA,NA,NA,NA,NA
5011a735-2774-4fa0-8640-1bfccafd442e,Oreophryne matawan,Oreophryne matawan,Oreophryne matawan,0,,,,,NA,NA,NA,NA,NA,NA,NA,NA,NA
c3dc424f-e01d-4841-9baf-847e9e637b7d,Kaloula indochinensis,Kaloula indochinensis,Kaloula indochinensis,0,,,,,NA,NA,NA,NA,NA,NA,NA,NA,NA
559427b5-5d21-4d9d-847c-7a1d3a1772bb,Euphlyctis kalasgramensis,Euphlyctis kalasgramensis,Euphlyctis kalasgramensis,0,,,,,NA,NA,NA,NA,NA,NA,NA,NA,NA
6f209bad-50c1-4b47-9781-a5aeb7ba6cef,Pristimantis pluvialis,Pristimantis pluvialis,Pristimantis pluvialis,0,,,,,NA,NA,NA,NA,NA,NA,NA,NA,NA
1a70ce75-0d12-41b0-a29e-f8905c4b7e2e,Oreophryne albomaculata,Oreophryne albomaculata,Oreophryne albomaculata,0,,,,,NA,NA,NA,NA,NA,NA,NA,NA,NA
d9f27d64-f51b-49e1-9809-3e454605173c,Cacosternum australis,Cacosternum australis,Cacosternum australis,0,,,,,NA,NA,NA,NA,NA,NA,NA,NA,NA
0b65c113-5846-484f-a26c-ec503ccfd77f,Xenophrys lini,Xenophrys lini,Xenophrys lini,0,,,,,NA,NA,NA,NA,NA,NA,NA,NA,NA
9a1f47e5-28ba-4c1a-b8c6-15591f5fca88,Phrynopus interstinctus,Phrynopus interstinctus,Phrynopus interstinctus,0,,,,,NA,NA,NA,NA,NA,NA,NA,NA,NA
776785bb-cf6b-4dee-a6d5-362b277d1446,Pristimantis abakapa,Pristimantis abakapa,Pristimantis abakapa,0,,,,,NA,NA,NA,NA,NA,NA,NA,NA,NA
9aaa632b-a1fe-4610-9fa6-a16c9e94c2d7,Bolitoglossa chucantiensis,Bolitoglossa chucantiensis,Bolitoglossa chucantiensis,0,,,,,NA,NA,NA,NA,NA,NA,NA,NA,NA
ddc362d6-d926-4c98-8b4a-3c12592ecd9a,Pristimantis mazar,Pristimantis mazar,Pristimantis mazar,0,,,,,NA,NA,NA,NA,NA,NA,NA,NA,NA
ce3a5ca6-fdf6-4f39-b532-d6decc50f0ab,Allobates grillisimilis,Allobates grillisimilis,Allobates grillisimilis,0,,,,,NA,NA,NA,NA,NA,NA,NA,NA,NA
1cc42a87-847c-4957-ba55-4f3fac652e96,Choerophryne gracilirostris,Choerophryne gracilirostris,Choerophryne gracilirostris,0,,,,,NA,NA,NA,NA,NA,NA,NA,NA,NA
181bdec8-8f69-4a66-8f42-d9c60af030fc,Nyctimystes traunae,Nyctimystes traunae,Nyctimystes traunae,0,,,,,NA,NA,NA,NA,NA,NA,NA,NA,NA
b134f933-44ab-4231-b74d-027957742d27,Chiropterotriton infernalis,Chiropterotriton infernalis,Chiropterotriton infernalis,0,,,,,NA,NA,NA,NA,NA,NA,NA,NA,NA
3675a737-88cb-422f-9c0e-9ffb1e18cf6a,Limnonectes cintalubang,Limnonectes cintalubang,Limnonectes cintalubang,0,,,,,NA,NA,NA,NA,NA,NA,NA,NA,NA
176ee6f4-357d-45cc-a2b5-8b0585f2d513,Phrynopus vestigiatus,Phrynopus vestigiatus,Phrynopus vestigiatus,0,,,,,NA,NA,NA,NA,NA,NA,NA,NA,NA
93065e03-cb9e-42ab-a654-444c1ca8d747,Raorchestes flaviventris,Raorchestes flaviventris,Raorchestes flaviventris,0,,,,,NA,NA,NA,NA,NA,NA,NA,NA,NA
2df707ce-ce35-490b-97b2-5879b418fb58,Odontobatrachus ziama,Odontobatrachus ziama,Odontobatrachus ziama,0,,,,,NA,NA,NA,NA,NA,NA,NA,NA,NA
1a5bf39e-8b41-4411-8e11-36ab0bac01f8,Bolitoglossa caldwellae,Bolitoglossa caldwellae,Bolitoglossa caldwellae,0,,,,,NA,NA,NA,NA,NA,NA,NA,NA,NA
896474a7-e063-4d29-bf34-e8c2fde3ed1f,Proceratophrys pombali,Proceratophrys pombali,Proceratophrys pombali,0,,,,,NA,NA,NA,NA,NA,NA,NA,NA,NA
e0956dee-7d12-4819-9b0f-6821fbb68bca,Nanorana phrynoides,Nanorana phrynoides,Nanorana phrynoides,0,,,,,NA,NA,NA,NA,NA,NA,NA,NA,NA
cb064d94-fe37-4f31-b91b-316614fd5908,Leptobrachium tengchongense,Leptobrachium tengchongense,Leptobrachium tengchongense,0,,,,,NA,NA,NA,NA,NA,NA,NA,NA,NA
bc907268-0d7e-4ac5-b9bb-c059f15df7e8,Tylototriton liuyangensis,Tylototriton liuyangensis,Tylototriton liuyangensis,0,,,,,NA,NA,NA,NA,NA,NA,NA,NA,NA
619e4428-85ba-42ea-b369-970172969d75,Dendropsophus ozzyi,Dendropsophus ozzyi,Dendropsophus ozzyi,0,,,,,NA,NA,NA,NA,NA,NA,NA,NA,NA
9ab4bcab-e728-4eff-99ef-1de486f064f3,Leptopelis anebos,Leptopelis anebos,Leptopelis anebos,0,,,,,NA,NA,NA,NA,NA,NA,NA,NA,NA
9b268f26-7266-4af5-bfdc-492253e1cd8b,Trachycephalus helioi,Trachycephalus helioi,Trachycephalus helioi,0,,,,,NA,NA,NA,NA,NA,NA,NA,NA,NA
149a31de-906f-438d-87d0-ac28430ba161,Microhyla arboricola,Microhyla arboricola,Microhyla arboricola,0,,,,,NA,NA,NA,NA,NA,NA,NA,NA,NA
a0fbf223-2b26-4e4d-8e98-85d01ae4da1c,Proceratophrys redacta,Proceratophrys redacta,Proceratophrys redacta,0,,,,,NA,NA,NA,NA,NA,NA,NA,NA,NA
b70b2fd7-89bb-4709-97ea-3fa93272102f,Lynchius tabaconas,Lynchius tabaconas,Lynchius tabaconas,0,,,,,NA,NA,NA,NA,NA,NA,NA,NA,NA
388c4318-b6a0-47ba-b941-af0b36d53248,Chikila gaiduwani,Chikila gaiduwani,Chikila gaiduwani,0,,,,,NA,NA,NA,NA,NA,NA,NA,NA,NA
e48251c2-e477-45b0-b1ac-37326f8f0400,Philautus nephophilus,Philautus nephophilus,Philautus nephophilus,0,,,,,NA,NA,NA,NA,NA,NA,NA,NA,NA
41159001-09c9-4a6d-b559-f11cb80b7b99,Bolitoglossa mucuyensis,Bolitoglossa mucuyensis,Bolitoglossa mucuyensis,0,,,,,NA,NA,NA,NA,NA,NA,NA,NA,NA
8b399267-06bf-435a-ad86-422d19bc9483,Ichthyophis pauli,Ichthyophis pauli,Ichthyophis pauli,0,,,,,NA,NA,NA,NA,NA,NA,NA,NA,NA
27645af2-7dbb-41e0-9207-809c5ce82232,Tylototriton uyenoi,Tylototriton uyenoi,Tylototriton uyenoi,0,,,,,NA,NA,NA,NA,NA,NA,NA,NA,NA
0da595f7-1457-46ba-aac8-b5ac3bcc3b86,Odontobatrachus arndti,Odontobatrachus arndti,Odontobatrachus arndti,0,,,,,NA,NA,NA,NA,NA,NA,NA,NA,NA
3095e8ad-b29c-4d8e-be88-e2d5e33104ec,Onychodactylus kinneburi,Onychodactylus kinneburi,Onychodactylus kinneburi,0,,,,,NA,NA,NA,NA,NA,NA,NA,NA,NA
49d31164-1680-453b-8434-685b50f7ebd2,Pseudopaludicola jaredi,Pseudopaludicola jaredi,Pseudopaludicola jaredi,0,,,,,NA,NA,NA,NA,NA,NA,NA,NA,NA
93ba8672-84cf-4b9c-a850-efcaa9d5a4d2,Nasutixalus medogensis,Nasutixalus medogensis,Nasutixalus medogensis,0,,,,,NA,NA,NA,NA,NA,NA,NA,NA,NA
560e8c89-1e7e-4962-b9f6-5cae84591d35,Kurixalus motokawai,Kurixalus motokawai,Kurixalus motokawai,0,,,,,NA,NA,NA,NA,NA,NA,NA,NA,NA
a5bf0251-480f-4b81-ae54-97618ac87aef,Cyclorana occidentalis,Cyclorana occidentalis,Cyclorana occidentalis,0,,,,,NA,NA,NA,NA,NA,NA,NA,NA,NA
f04a5cda-8e02-40f9-b8f4-ee218369a738,Oreobates berdemenos,Oreobates berdemenos,Oreobates berdemenos,0,,,,,NA,NA,NA,NA,NA,NA,NA,NA,NA
218092ec-73d2-4621-a5e6-1056bc89502e,Leptolalax zhangyapingi,Leptolalax zhangyapingi,Leptolalax zhangyapingi,0,,,,,NA,NA,NA,NA,NA,NA,NA,NA,NA
92e24467-e460-4ec4-8773-76932684da77,Pseudoeurycea kuautli,Pseudoeurycea kuautli,Pseudoeurycea kuautli,0,,,,,NA,NA,NA,NA,NA,NA,NA,NA,NA
c98221fe-7eef-4760-b2dc-8e271972cc27,Ecnomiohyla bailarina,Ecnomiohyla bailarina,Ecnomiohyla bailarina,0,,,,,NA,NA,NA,NA,NA,NA,NA,NA,NA
d2a7e86e-fb73-4066-802b-b1e980c8802e,Pulchrana guttmani,Pulchrana guttmani,Pulchrana guttmani,0,,,,,NA,NA,NA,NA,NA,NA,NA,NA,NA
195613c1-3ef3-4962-990f-03345de46017,Proceratophrys izecksohni,Proceratophrys izecksohni,Proceratophrys izecksohni,0,,,,,NA,NA,NA,NA,NA,NA,NA,NA,NA
cbb994d3-cefc-4818-b4f6-5d83bba62cf6,Leptopelis mtoewaate,Leptopelis mtoewaate,Leptopelis mtoewaate,0,,,,,NA,NA,NA,NA,NA,NA,NA,NA,NA
312c226c-ad1f-49c0-82bb-b72c1fa48c6a,Mantophryne insignis,Mantophryne insignis,Mantophryne insignis,0,,,,,NA,NA,NA,NA,NA,NA,NA,NA,NA
72029c9a-c4ab-41e3-a2f7-c8b08bd3ffaf,Limnonectes utara,Limnonectes utara,Limnonectes utara,0,,,,,NA,NA,NA,NA,NA,NA,NA,NA,NA
b2f768b4-3fa0-416a-a49b-5485f2c7e650,Euparkerella cryptica,Euparkerella cryptica,Euparkerella cryptica,0,,,,,NA,NA,NA,NA,NA,NA,NA,NA,NA
5831e18d-4fbb-438d-a61b-2e9d1ca2b9b0,Nanorana sichuanensis,Nanorana sichuanensis,Nanorana sichuanensis,0,,,,,NA,NA,NA,NA,NA,NA,NA,NA,NA
bce3f728-76a0-4ae5-a366-2859240f0fd3,Pseudopaludicola facureae,Pseudopaludicola facureae,Pseudopaludicola facureae,0,,,,,NA,NA,NA,NA,NA,NA,NA,NA,NA
6bd9b751-4deb-40da-b176-0f2e933a265f,Aglyptodactylus chorus,Aglyptodactylus chorus,Aglyptodactylus chorus,0,,,,,NA,NA,NA,NA,NA,NA,NA,NA,NA
6a93cf7e-917f-443f-a999-11d7a05076c9,Oreophryne banshee,Oreophryne banshee,Oreophryne banshee,0,,,,,NA,NA,NA,NA,NA,NA,NA,NA,NA
16882a07-92fa-41d5-b77c-9ac4abc5930c,Pseudocallulops foja,Pseudocallulops foja,Pseudocallulops foja,0,,,,,NA,NA,NA,NA,NA,NA,NA,NA,NA
52de686c-b4a1-4215-b08c-06f1114c8975,Oreophryne choerophrynoides,Oreophryne choerophrynoides,Oreophryne choerophrynoides,0,,,,,NA,NA,NA,NA,NA,NA,NA,NA,NA
5e1e7ffb-8883-45fc-a58e-b7f3aa6e57c0,Oreophryne pseudunicolor,Oreophryne pseudunicolor,Oreophryne pseudunicolor,0,,,,,NA,NA,NA,NA,NA,NA,NA,NA,NA
86bbfe4f-52ec-4912-ba62-9666eff9c9f1,Dendropsophus mapinguari,Dendropsophus mapinguari,Dendropsophus mapinguari,0,,,,,NA,NA,NA,NA,NA,NA,NA,NA,NA
690b461a-751a-4261-8659-784dd2f948f7,Litoria callista,Litoria callista,Litoria callista,0,,,,,NA,NA,NA,NA,NA,NA,NA,NA,NA
2ebd3170-142f-448c-9dbd-5bf3dba0702b,Guibemantis methueni,Guibemantis methueni,Guibemantis methueni,0,,,,,NA,NA,NA,NA,NA,NA,NA,NA,NA
e6bcc6fc-46f8-4e41-b1cf-b93359d45b35,Nyctimystes latratus,Nyctimystes latratus,Nyctimystes latratus,0,,,,,NA,NA,NA,NA,NA,NA,NA,NA,NA
1f660fa1-6491-4d15-9693-92addb3e2d76,Oreophryne parkopanorum,Oreophryne parkopanorum,Oreophryne parkopanorum,0,,,,,NA,NA,NA,NA,NA,NA,NA,NA,NA
f75b454d-5d67-433e-aa52-b7babe633f1f,Calluella capsa,Calluella capsa,Calluella capsa,0,,,,,NA,NA,NA,NA,NA,NA,NA,NA,NA
eec80544-bfc0-4026-83b7-901295be0816,Amolops nyingchiensis,Amolops nyingchiensis,Amolops nyingchiensis,0,,,,,NA,NA,NA,NA,NA,NA,NA,NA,NA
ff12ca70-01aa-4f42-8871-4c258082ec6b,Proceratophrys gladius,Proceratophrys gladius,Proceratophrys gladius,0,,,,,NA,NA,NA,NA,NA,NA,NA,NA,NA
a5bcef27-06bc-465e-8912-33b9919412a1,Pseudopaludicola atragula,Pseudopaludicola atragula,Pseudopaludicola atragula,0,,,,,NA,NA,NA,NA,NA,NA,NA,NA,NA
655574c3-023d-494e-b01d-b87ac965c0ea,Nyctimystes ocrestes,Nyctimystes ocrestes,Nyctimystes ocrestes,0,,,,,NA,NA,NA,NA,NA,NA,NA,NA,NA
a401f576-280a-4fd3-86bd-7beabf78f224,Liuixalus calcarius,Liuixalus calcarius,Liuixalus calcarius,0,,,,,NA,NA,NA,NA,NA,NA,NA,NA,NA
71fb2b35-a0e2-486e-a7da-d16252788c41,Brachycephalus leopardus,Brachycephalus leopardus,Brachycephalus leopardus,0,,,,,NA,NA,NA,NA,NA,NA,NA,NA,NA
2d967e2e-092f-470d-a817-a04d5da235ab,Amolops tuberodepressus,Amolops tuberodepressus,Amolops tuberodepressus,1,Name cluster 3aa94515-d2a7-4a0f-b6e3-707d9f1a618a containing 'Amolops tuberodepressus' found between (none) in 1 timepoints,,,,NA,NA,Amolops tuberodepressus,NA,207027,"Amolops tuberodepressus Liu and Yang, 2000",664917,Species,valid
e0601a56-ce71-4069-8210-28459d8bcfb1,Thorius tlaxiacus,Thorius tlaxiacus,Thorius tlaxiacus,0,,,,,NA,NA,NA,NA,NA,NA,NA,NA,NA
2e7b2f31-6867-4b1e-aa52-f0ade3bfee9d,Indosylvirana sreeni,Indosylvirana sreeni,Indosylvirana sreeni,0,,,,,NA,NA,NA,NA,NA,NA,NA,NA,NA
4f0e617c-1b6d-44d0-9506-901eb7ccd18e,Gastrotheca dysprosita,Gastrotheca dysprosita,Gastrotheca dysprosita,0,,,,,NA,NA,NA,NA,NA,NA,NA,NA,NA
8b77ed1a-bf75-45a1-8a5d-44a34d80cfe3,Fejervarya gomantaki,Fejervarya gomantaki,Fejervarya gomantaki,0,,,,,NA,NA,NA,NA,NA,NA,NA,NA,NA
1202f70c-df04-4679-ad51-7875957cb538,Amazophrynella javierbustamantei,Amazophrynella javierbustamantei,Amazophrynella javierbustamantei,0,,,,,NA,NA,NA,NA,NA,NA,NA,NA,NA
b5f18db7-d8eb-4115-9612-5588d698f422,Telmatobufo ignotus,Telmatobufo ignotus,Telmatobufo ignotus,0,,,,,NA,NA,NA,NA,NA,NA,NA,NA,NA
ff818cd4-bf5c-472b-8ca5-af3824560932,Paramesotriton qixilingensis,Paramesotriton qixilingensis,Paramesotriton qixilingensis,0,,,,,NA,NA,NA,NA,NA,NA,NA,NA,NA
6c769074-44f4-445a-ab11-2cfb812cab24,Indosylvirana indica,Indosylvirana indica,Indosylvirana indica,0,,,,,NA,NA,NA,NA,NA,NA,NA,NA,NA
416ed022-7056-4bbd-b1c4-1ec745e19afb,Leptolalax marmoratus,Leptolalax marmoratus,Leptolalax marmoratus,0,,,,,NA,NA,NA,NA,NA,NA,NA,NA,NA
21e85a97-4db9-4477-84b9-8e829bb5bde8,Tylototriton shanorum,Tylototriton shanorum,Tylototriton shanorum,0,,,,,NA,NA,NA,NA,NA,NA,NA,NA,NA
f2310e7d-5d58-42b3-824e-146b35854a68,Amietia delalandii,Amietia delalandii,Amietia delalandii,0,,,,,NA,NA,NA,NA,NA,NA,NA,NA,NA
b85b80be-9819-4bb8-976e-c7f329656828,Indirana sarojamma,Indirana sarojamma,Indirana sarojamma,0,,,,,NA,NA,NA,NA,NA,NA,NA,NA,NA
0128f45e-5c7e-4943-9ad7-706e704901b4,Micrixalus sairandhri,Micrixalus sairandhri,Micrixalus sairandhri,0,,,,,NA,NA,NA,NA,NA,NA,NA,NA,NA
6551acb4-eada-4319-9177-838648a6c178,Hyperolius rwandae,Hyperolius rwandae,Hyperolius rwandae,0,,,,,NA,NA,NA,NA,NA,NA,NA,NA,NA
f848fb42-94a8-4f55-9634-6d14c957b52b,Micrixalus adonis,Micrixalus adonis,Micrixalus adonis,0,,,,,NA,NA,NA,NA,NA,NA,NA,NA,NA
ec4dbbae-6a56-4d5f-97bc-5215bbd93adb,Xenophrys ancrae,Xenophrys ancrae,Xenophrys ancrae,0,,,,,NA,NA,NA,NA,NA,NA,NA,NA,NA
73e90b9c-9063-4c81-b7a9-fe88a325ac7a,Litoria bella,Litoria bella,Litoria bella,0,,,,,NA,NA,NA,NA,NA,NA,NA,NA,NA
f162c06a-fa59-4539-ae44-af479bf99fc8,Xenophrys acuta,Xenophrys acuta,Xenophrys acuta,0,,,,,NA,NA,NA,NA,NA,NA,NA,NA,NA
4753636a-3f45-417a-9667-11aed8703e30,Ansonia lumut,Ansonia lumut,Ansonia lumut,0,,,,,NA,NA,NA,NA,NA,NA,NA,NA,NA
f7ea47a5-68db-4a07-b9a6-1fad441716b7,Sphaenorhynchus canga,Sphaenorhynchus canga,Sphaenorhynchus canga,0,,,,,NA,NA,NA,NA,NA,NA,NA,NA,NA
bc633bf5-5981-494c-99ea-d40b87675997,Xenophrys cheni,Xenophrys cheni,Xenophrys cheni,0,,,,,NA,NA,NA,NA,NA,NA,NA,NA,NA
9b54d2f6-9754-4fbc-a0f5-0e3293c5dabf,Nototriton nelsoni,Nototriton nelsoni,Nototriton nelsoni,0,,,,,NA,NA,NA,NA,NA,NA,NA,NA,NA
0c669aa8-62f6-4a4a-891c-ef8e830cb9b3,Euphlyctis karaavali,Euphlyctis karaavali,Euphlyctis karaavali,0,,,,,NA,NA,NA,NA,NA,NA,NA,NA,NA
9fd3c135-3e5d-4f4c-8172-fe7f3ccdbd6b,Anomaloglossus tepequem,Anomaloglossus tepequem,Anomaloglossus tepequem,0,,,,,NA,NA,NA,NA,NA,NA,NA,NA,NA
e7353dcb-585a-4d6b-87b4-ca4200146777,Scinax sateremawe,Scinax sateremawe,Scinax sateremawe,0,,,,,NA,NA,NA,NA,NA,NA,NA,NA,NA
0a82ad93-dfd7-470f-bbff-6e1a28bdfdb5,Theloderma lacustrinum,Theloderma lacustrinum,Theloderma lacustrinum,0,,,,,NA,NA,NA,NA,NA,NA,NA,NA,NA
338c91aa-a82b-4812-8e75-6f169a998950,Hyloscirtus condor,Hyloscirtus condor,Hyloscirtus condor,0,,,,,NA,NA,NA,NA,NA,NA,NA,NA,NA
f369aec7-8ffe-4292-b327-3751f5135dcf,Rhinella proboscidea,Rhinella proboscidea,Rhinella proboscidea,1,Name cluster 91310f82-f2c8-4557-ad39-7b77ee5fc06b containing 'Rhinella proboscidea' found between (none) in 1 timepoints,,,,NA,NA,Rhinella proboscidea,NA,773237,"Rhinella proboscidea (Spix, 1824)",773738,Species,valid
e6ba8da9-2101-4ef4-a595-d8b88edde047,Anomaloglossus isthminus,Anomaloglossus isthminus,Anomaloglossus isthminus,0,,,,,NA,NA,NA,NA,NA,NA,NA,NA,NA
0113719f-10f0-4888-b702-efadebd26548,Cynops glaucus,Cynops glaucus,Cynops glaucus,0,,,,,NA,NA,NA,NA,NA,NA,NA,NA,NA
cd93dc95-2c62-4306-94d4-8afbb98dedd1,Leptolalax kalonensis,Leptolalax kalonensis,Leptolalax kalonensis,0,,,,,NA,NA,NA,NA,NA,NA,NA,NA,NA
0ea424d6-c8c4-4013-8c08-d95bc28ce8ef,Oreophryne meliades,Oreophryne meliades,Oreophryne meliades,0,,,,,NA,NA,NA,NA,NA,NA,NA,NA,NA
17035929-36a5-49cd-9978-138e918cf592,Proceratophrys itamari,Proceratophrys itamari,Proceratophrys itamari,0,,,,,NA,NA,NA,NA,NA,NA,NA,NA,NA
13d7ad31-bf1b-4804-9e10-022fc956d2b1,Thorius longicaudus,Thorius longicaudus,Thorius longicaudus,0,,,,,NA,NA,NA,NA,NA,NA,NA,NA,NA
d965f84d-1372-473e-8d33-b6cb06ee440d,Phrynobatrachus jimzimkusi,Phrynobatrachus jimzimkusi,Phrynobatrachus jimzimkusi,0,,,,,NA,NA,NA,NA,NA,NA,NA,NA,NA
2bc9286c-879f-4597-9d33-2fa359671475,Hynobius unisacculus,Hynobius unisacculus,Hynobius unisacculus,0,,,,,NA,NA,NA,NA,NA,NA,NA,NA,NA
58fe877e-cf13-4ef0-9531-5dbe1779d699,Allobates tapajos,Allobates tapajos,Allobates tapajos,0,,,,,NA,NA,NA,NA,NA,NA,NA,NA,NA
6a1c1503-9043-4938-9a9d-3b30992cbca3,Philautus kakipanjang,Philautus kakipanjang,Philautus kakipanjang,0,,,,,NA,NA,NA,NA,NA,NA,NA,NA,NA
d32f52f1-9fc1-4950-a684-e620e32d4a4b,Theloderma baibengense,Theloderma baibengense,Theloderma baibengense,0,,,,,NA,NA,NA,NA,NA,NA,NA,NA,NA
5d9db1b6-a414-42b3-892a-bee631ac4810,Indosylvirana montana,Indosylvirana montana,Indosylvirana montana,0,,,,,NA,NA,NA,NA,NA,NA,NA,NA,NA
96f9d0f1-747a-42c2-b768-1c6e1188175f,Oreophryne oviprotector,Oreophryne oviprotector,Oreophryne oviprotector,0,,,,,NA,NA,NA,NA,NA,NA,NA,NA,NA
ff295526-3e19-4c4c-84ce-69daf53956ad,Ichthyophis chaloensis,Ichthyophis chaloensis,Ichthyophis chaloensis,0,,,,,NA,NA,NA,NA,NA,NA,NA,NA,NA
65f41ee0-0f97-4353-b342-d24ab8a4c953,Leptolalax pyrrhops,Leptolalax pyrrhops,Leptolalax pyrrhops,0,,,,,NA,NA,NA,NA,NA,NA,NA,NA,NA
549406da-87a7-4d9a-b527-1869cd3ecab1,Pelophylax cypriensis,Pelophylax cypriensis,Pelophylax cypriensis,0,,,,,NA,NA,NA,NA,NA,NA,NA,NA,NA
1bea5fbe-2f45-44f4-abe1-fb130fe58be3,Cophyla maharapeo,Cophyla maharapeo,Cophyla maharapeo,0,,,,,NA,NA,NA,NA,NA,NA,NA,NA,NA
60da5a8f-5580-44d5-b693-8465c4f52169,Pristimantis geminus,Pristimantis geminus,Pristimantis geminus,0,,,,,NA,NA,NA,NA,NA,NA,NA,NA,NA
51a89fee-2a84-4346-b8b8-16edaa5819c0,Rhinella yunga,Rhinella yunga,Rhinella yunga,0,,,,,NA,NA,NA,NA,NA,NA,NA,NA,NA
8ca2ac8d-9975-4b03-8a1a-8e0bd7bad71b,Paramesotriton wulingensis,Paramesotriton wulingensis,Paramesotriton wulingensis,0,,,,,NA,NA,NA,NA,NA,NA,NA,NA,NA
f1996f45-1cfb-4a4f-854e-6fcaa6cd10d9,Raorchestes leucolatus,Raorchestes leucolatus,Raorchestes leucolatus,0,,,,,NA,NA,NA,NA,NA,NA,NA,NA,NA
d34c8c3b-ccdf-4192-9f4b-1cdc3955cfc1,Raorchestes primarrumpfi,Raorchestes primarrumpfi,Raorchestes primarrumpfi,0,,,,,NA,NA,NA,NA,NA,NA,NA,NA,NA
48e4e07b-f1cd-4b50-bf24-3178684b699d,Leptolalax botsfordi,Leptolalax botsfordi,Leptolalax botsfordi,0,,,,,NA,NA,NA,NA,NA,NA,NA,NA,NA
6a94685f-f99f-4fc8-8b05-d33b142c8126,Pristimantis yanezi,Pristimantis yanezi,Pristimantis yanezi,0,,,,,NA,NA,NA,NA,NA,NA,NA,NA,NA
ca347851-9c09-4a8d-9beb-70937c558965,Microhyla minuta,Microhyla minuta,Microhyla minuta,0,,,,,NA,NA,NA,NA,NA,NA,NA,NA,NA
c3cdfc14-6b73-410f-afdb-32c7157795e0,Pristimantis marcoreyesi,Pristimantis marcoreyesi,Pristimantis marcoreyesi,0,,,,,NA,NA,NA,NA,NA,NA,NA,NA,NA
1c8e834a-7a2c-4bb5-9edc-ca3a819c3abd,Xenorhina tillacki,Xenorhina tillacki,Xenorhina tillacki,0,,,,,NA,NA,NA,NA,NA,NA,NA,NA,NA
dff4726a-c910-4420-97af-e38c783bdeec,Hyperolius constellatus,Hyperolius constellatus,Hyperolius constellatus,0,,,,,NA,NA,NA,NA,NA,NA,NA,NA,NA
